no,entidad_federativa,anio_ocurrencia_evento,boletin_prensa,fecha_emision_boletin_prensa,tipo_fenomeno,amenaza_natural,instancia_corroboradora,nombre_municipios_corroborados,numero_municipios_corroborados,oficio_poblacion_afectada,poblacion_afectada,poblacion_atendida,fecha_publicacion_declaratoria_dof,publicacion_dof,instancia_que_elaboro_informe_utilizacion_insumos,boletin_prensa_aviso_termino_emergencia,fecha_emision_boletin_prensa_termino_situacion_emergencia,fecha_publicacion_aviso_termino_declaratoria_dof,publicacion_termino_dof,total_insumos_autorizados,despensas,despensa_sobrevivencia,despensa_mantenimiento,alimentos_consumo_inmediato,fruta_para_poblacion,alimento_granel,cobertor_a,cobertor_b,colchoneta,hamaca,lamina_tipo_a,lamina_tipo_b,lamina_tipo_c,palma_sintetica,palma_natural,litros_agua,kit_limpieza,kit_aseo_personal,costales,saco_absorbente,impermeables,botas,rollos_hule,guantes_carnaza,toallas_sanitarias_femeninas,banieras_para_bebe,panial_etapa_5,panial_etapa_4,panial_etapa_3,panial_etapa_2,panial_etapa_1,panial_para_adulto,linternas,palas,marros,barretas,machetes,martillos,carretillas,cascos,azadones,hachas,zapapicos,motosierras,mochilas_aspersores,mascarillas,cocinas_comunitarias,servicios_potabilizadoras_agua,servicio_bombas_extraccion_agua,servicio_retroexcavadoras,servicio_vactors,envases_agua,combustible,fletes,servicio_letrinas,servicio_regaderas,arrendamiento_montacargas,arrendamiento_generadores_energia,lote_insumos_para_salud,costo_fuerzas_armadas,costo_estimado_sspc,costo_total_declaratoria,observaciones
1.0,Veracruz,2018,006/18,07-dic-18,Hidrometeorológico,Lluvia severa e inundación pluvial del 04 al 06 de diciembre de 2018,CONAGUA,"Angel R. Cabada, Catemaco, Hueyapan de Ocampo, San Andrés Tuxtla, Santiago Tuxtla y Saltabarranca",6,DGPC/DAE/042/2018,13732,13732,17-dic-18,https://www.dof.gob.mx/nota_detalle.php?codigo=5546651&fecha=17/12/2018#gsc.tab=0,Coordinación Estatal de Protección Civil,011/18,17-dic-18,26-dic-18,https://www.dof.gob.mx/nota_detalle.php?codigo=5547212&fecha=26/12/2018#gsc.tab=0,85678,10299,0,0,0,0,0,13732,0,13732,0,0,0.0,0,0,0,37616,3433,3433,0,3433,0,0,0,0,0,0,0,0,0,0,0,0,0,0,0,0,0,0,0,0,0,0,0,0,0,0,0,0,0,0.0,0,0,0,0,0,0,0,0,0, $-   ,"$12,274,813.19","$12,274,813.19",
2.0,Veracruz,2018,009/18,13-dic-18,Hidrometeorológico,Lluvia severa el 5 de diciembre de 2018,CONAGUA,Lerdo de Tejada y Playa Vicente,2,DGPC/DAE/045/2018,4042,4042,21-dic-18,https://www.dof.gob.mx/nota_detalle.php?codigo=5547057&fecha=21/12/2018#gsc.tab=0,Coordinación Estatal de Protección Civil,024/18,23-dic-18,02-ene-19,https://www.dof.gob.mx/nota_detalle.php?codigo=5547548&fecha=02/01/2019#gsc.tab=0,10240,720,0,0,0,0,0,2880,0,2880,0,0,0.0,0,0,0,1600,720,720,0,720,0,0,0,0,0,0,0,0,0,0,0,0,0,0,0,0,0,0,0,0,0,0,0,0,0,0,0,0,0,0.0,0,0,0,0,0,0,0,0,0, $-   ,"$1,954,087.62","$1,954,087.62",
3.0,Chihuahua,2018,014/18,21-dic-18,Hidrometeorológico,Helada severa a partir del día 21 de diciembre de 2018,CONAGUA,"Chínipas, Guazapares, Maguarichi, Temósachic, Urique, Uruachi, Guadalupe y Calvo, Morelos, Moris, Balleza, Batopilas, Bocoyna, Carichí, Guachochi y Nonoava",15,DGPC/1789/2018,24344,24344,02-ene-19,https://www.dof.gob.mx/nota_detalle.php?codigo=5547539&fecha=02/01/2019#gsc.tab=0,Coordinación Estatal de Protección Civil,028/18,31-dic-18,09-ene-19,https://www.dof.gob.mx/nota_detalle.php?codigo=5547764&fecha=09/01/2019#gsc.tab=0,60860,12172,0,0,0,0,0,24344,0,24344,0,0,0.0,0,0,0,0,0,0,0,0,0,0,0,0,0,0,0,0,0,0,0,0,0,0,0,0,0,0,0,0,0,0,0,0,0,0,0,0,0,0.0,0,0,0,0,0,0,0,0,0, $-   ,"$16,181,232.84","$16,181,232.84",
4.0,Durango,2018,015/18,21-dic-18,Hidrometeorológico,Helada severa a partir del día 21 de diciembre de 2018,CONAGUA,"Tamazula, Topia, Tepehuanes, Canelas, Mezquital, Otáez, Pueblo Nuevo y Guanaceví",8,DGPC/1790/2018,14773,14773,02-ene-19,https://www.dof.gob.mx/nota_detalle.php?codigo=5547540&fecha=02/01/2019#gsc.tab=0,Coordinación Estatal de Protección Civil,029/18,31-dic-18,09-ene-19,https://www.dof.gob.mx/nota_detalle.php?codigo=5547765&fecha=09/01/2019#gsc.tab=0,36933,7386,0,0,0,0,0,14773,0,14773,0,0,0.0,0,0,0,0,0,0,0,0,0,0,0,0,0,0,0,0,0,0,0,0,0,0,0,0,0,0,0,0,0,0,0,0,0,0,0,0,0,0.0,0,0,0,0,0,0,0,0,1, $-   ,"$15,874,002.29","$15,874,002.29",
5.0,Estado de México,2018,016/18,21-dic-18,Hidrometeorológico,Helada severa a partir del día 21 de diciembre de 2018,CONAGUA,"Villa Victoria, Villa de Allende, San José del Rincón, Ixtapan del Oro, San Felipe del Progreso, Temascaltepec y Donato Guerra",7,DGPC/1791/2018,42777,42777,02-ene-19,https://www.dof.gob.mx/nota_detalle.php?codigo=5547541&fecha=02/01/2019#gsc.tab=0,Coordinación Estatal de Protección Civil,030/18,31-dic-18,09-ene-19,https://www.dof.gob.mx/nota_detalle.php?codigo=5547766&fecha=09/01/2019#gsc.tab=0,96248,10694,0,0,0,0,0,42777,0,42777,0,0,0.0,0,0,0,0,0,0,0,0,0,0,0,0,0,0,0,0,0,0,0,0,0,0,0,0,0,0,0,0,0,0,0,0,0,0,0,0,0,0.0,0,0,0,0,0,0,0,0,0, $-   ,"$24,287,748.39","$24,287,748.39",
6.0,Michoacán,2018,017/18,21-dic-18,Hidrometeorológico,Helada severa a partir del día 21 de diciembre de 2018,CONAGUA,"Tuzantla, Ocampo, Tzitzio, Aporo, Irimbo y Tlalpujahua",6,DGPC/1792/2018,9367,9367,02-ene-19,https://www.dof.gob.mx/nota_detalle.php?codigo=5547542&fecha=02/01/2019#gsc.tab=0,Coordinación Estatal de Protección Civil,031/18,31-dic-18,09-ene-19,https://www.dof.gob.mx/nota_detalle.php?codigo=5547767&fecha=09/01/2019#gsc.tab=0,21075,2341,0,0,0,0,0,9367,0,9367,0,0,0.0,0,0,0,0,0,0,0,0,0,0,0,0,0,0,0,0,0,0,0,0,0,0,0,0,0,0,0,0,0,0,0,0,0,0,0,0,0,0.0,0,0,0,0,0,0,0,0,0, $-   ,"$5,302,236.57","$5,302,236.57",
7.0,Puebla,2018,018/18,21-dic-18,Hidrometeorológico,Helada severa a partir del día 21 de diciembre de 2018,CONAGUA,"Tepeyahualco, Ocotepec, Tlachichuca, Ixtacamaxtitlán, Lafragua y San Nicolás Buenos Aires",6,DGPC/1797/2018,9206,9206,02-ene-19,https://www.dof.gob.mx/nota_detalle.php?codigo=5547543&fecha=02/01/2019#gsc.tab=0,Coordinación Estatal de Protección Civil,032/18,31-dic-18,09-ene-19,https://www.dof.gob.mx/nota_detalle.php?codigo=5547768&fecha=09/01/2019#gsc.tab=0,20713,2301,0,0,0,0,0,9206,0,9206,0,0,0.0,0,0,0,0,0,0,0,0,0,0,0,0,0,0,0,0,0,0,0,0,0,0,0,0,0,0,0,0,0,0,0,0,0,0,0,0,0,0.0,0,0,0,0,0,0,0,0,0, $-   ,"$5,211,191.94","$5,211,191.94",
8.0,San Luis Potosí,2018,019/18,21-dic-18,Hidrometeorológico,Helada severa a partir del día 21 de diciembre de 2018,CONAGUA,"Catorce, Vanegas y Santo Domingo",3,DGPC/1793/2018,2966,2966,02-ene-19,https://www.dof.gob.mx/nota_detalle.php?codigo=5547545&fecha=02/01/2019#gsc.tab=0,Coordinación Estatal de Protección Civil,033/18,31-dic-18,09-ene-19,https://www.dof.gob.mx/nota_detalle.php?codigo=5547769&fecha=09/01/2019#gsc.tab=0,6673,741,0,0,0,0,0,2966,0,2966,0,0,0.0,0,0,0,0,0,0,0,0,0,0,0,0,0,0,0,0,0,0,0,0,0,0,0,0,0,0,0,0,0,0,0,0,0,0,0,0,0,0.0,0,0,0,0,0,0,0,0,0, $-   ,"$1,678,819.05","$1,678,819.05",
9.0,Zacatecas,2018,020/18,21-dic-18,Hidrometeorológico,Helada severa a partir del día 21 de diciembre de 2018,CONAGUA,"El Salvador, Mazapil y Jiménez del Teul",3,DGPC/1794/2018,2511,2511,02-ene-19,https://www.dof.gob.mx/nota_detalle.php?codigo=5547547&fecha=02/01/2019#gsc.tab=0,Coordinación Estatal de Protección Civil,036/18,31-dic-18,09-ene-19,https://www.dof.gob.mx/nota_detalle.php?codigo=5547772&fecha=09/01/2019#gsc.tab=0,5649,627,0,0,0,0,0,2511,0,2511,0,0,0.0,0,0,0,0,0,0,0,0,0,0,0,0,0,0,0,0,0,0,0,0,0,0,0,0,0,0,0,0,0,0,0,0,0,0,0,0,0,0.0,0,0,0,0,0,0,0,0,0, $-   ,"$1,421,155.06","$1,421,155.06",
10.0,Sinaloa,2018,021/18,21-dic-18,Hidrometeorológico,Helada severa a partir del día 21 de diciembre de 2018,CONAGUA,Badiraguato,1,DGPC/1795/2018,3000,3000,02-ene-19,https://www.dof.gob.mx/nota_detalle.php?codigo=5547544&fecha=02/01/2019#gsc.tab=0,Coordinación Estatal de Protección Civil,034/18,31-dic-18,09-ene-19,https://www.dof.gob.mx/nota_detalle.php?codigo=5547770&fecha=09/01/2019#gsc.tab=0,6750,750,0,0,0,0,0,3000,0,3000,0,0,0.0,0,0,0,0,0,0,0,0,0,0,0,0,0,0,0,0,0,0,0,0,0,0,0,0,0,0,0,0,0,0,0,0,0,0,0,0,0,0.0,0,0,0,0,0,0,0,0,0, $-   ,"$1,698,256.20","$1,698,256.20",
11.0,Veracruz,2018,022/18,21-dic-18,Hidrometeorológico,Helada severa a partir del día 21 de diciembre de 2018,CONAGUA,Ayahualulco,1,DGPC/1796/2018,2546,2546,02-ene-19,https://www.dof.gob.mx/nota_detalle.php?codigo=5547546&fecha=02/01/2019#gsc.tab=0,Coordinación Estatal de Protección Civil,035/18,31-dic-18,09-ene-19,https://www.dof.gob.mx/nota_detalle.php?codigo=5547771&fecha=09/01/2019#gsc.tab=0,5728,636,0,0,0,0,0,2546,0,2546,0,0,0.0,0,0,0,0,0,0,0,0,0,0,0,0,0,0,0,0,0,0,0,0,0,0,0,0,0,0,0,0,0,0,0,0,0,0,0,0,0,0.0,0,0,0,0,0,0,0,0,0, $-   ,"$1,441,063.18","$1,441,063.18",
12.0,Chihuahua,2019,BDE-001-2019,02-ene-19,Hidrometeorológico,Nevada severa del 29 al 30 de diciembre de 2018,CONAGUA,"Ahumada, Ascensión, Buenaventura, Gómez Farías, Guerrero, Ignacio Zaragoza, Janos, Juárez, Madera, Matachí, Nuevo Casas Grandes y Ocampo",12,"SSPC/CNPC/DGPC/0001/2019, SSPC/CNPC/DGPC/0011/2019",64751,64751,10-ene-19,https://www.dof.gob.mx/nota_detalle.php?codigo=5547853&fecha=10/01/2019#gsc.tab=0,Coordinación Estatal de Protección Civil,BDE-004-2019,22-ene-19,30-ene-19,https://www.dof.gob.mx/nota_detalle.php?codigo=5549171&fecha=30/01/2019#gsc.tab=0,267821,64748,0,0,0,0,0,64751,0,64751,0,0,25000.0,0,0,0,0,16187,32374,0,0,0,0,10,0,0,0,0,0,0,0,0,0,0,0,0,0,0,0,0,0,0,0,0,0,0,0,0,0,0,0.0,0,0,0,0,0,0,0,0,0, $-   ,"$72,187,821.33","$72,187,821.33",
13.0,Sonora,2019,BDE-002-2019,06-ene-19,Hidrometeorológico,Helada y nevada severa del 30 de diciembre de 2018 al 02 de enero de 2019,CONAGUA,"Aconchi, Alamos, Altar, Arivechi, Átil, Bacanora, Bácum, Banámichi, Baviácora, Benito Juárez, Caborca, Cajeme, Carbó, Divisaderos, Empalme, Etchojóa, General Plutarco Elías Calles, Guaymas, Hermosillo, Huásabas, Huatabampo, Huépac, La Colorada, Mazatán, Navojoa, Ónavas, Opodepe, Oquitóa, Pitiquito, Puerto Peñasco, Quiriego, Rayón, Rosario, Sahuaripa, San Felipe de Jesús, San Ignacio Río Muerto, San Javier, San Luis Río Colorado, San Miguel de Horcasitas, San Pedro de la Cueva, Sáric, Soyopa, Suaqui Grande, Tepache, Trincheras, Tubutama, Ures, Villa Hidalgo, Villa Pesqueira y Yécora, Agua Prieta, Arizpe, Bacadéhuachi, Bacerac, Bacoachi, Bavispe, Benjamín Hill, Cananea, Cucurpe, Cumpas, Fronteras, Granados, Huachinera, Ímuris, Magdalena, Moctezuma, Naco, Nácori Chico, Nacozari de García, Nogales, Santa Ana y Santa Cruz.",38,SSPC/CNPC/DGPC/0005/2019,18506,18506,14-ene-19,https://www.dof.gob.mx/nota_detalle.php?codigo=5548032&fecha=14/01/2019#gsc.tab=0,Coordinación Estatal de Protección Civil,BDE-003-2019,16-ene-19,24-ene-19,https://www.dof.gob.mx/nota_detalle.php?codigo=5548681&fecha=24/01/2019#gsc.tab=0,144778,0,0,0,13878,13878,0,18506,0,18506,0,0,10000.0,0,0,0,70000,0,0,0,0,0,0,10,0,0,0,0,0,0,0,0,0,0,0,0,0,0,0,0,0,0,0,0,0,0,0,0,0,0,0.0,0,0,0,0,0,0,0,0,0, $-   ,"$19,484,035.76","$19,484,035.76",
14.0,Veracruz,2019,BDE-005-2019,25-ene-19,Hidrometeorológico,Helada severa del 21 al 22 de enero de 2019,CONAGUA,"Acajete, Perote y Villa Aldama",3,SSPC/CNPC/DGPC/0066/2019,5235,5235,05-feb-19,https://www.dof.gob.mx/nota_detalle.php?codigo=5549567&fecha=05/02/2019#gsc.tab=0,Coordinación Estatal de Protección Civil,BDE-006-2019,04-feb-19,12-feb-19,https://www.dof.gob.mx/nota_detalle.php?codigo=5550022&fecha=12/02/2019#gsc.tab=0,39730,2616,0,0,0,0,0,5235,0,5235,0,0,17013.0,0,0,0,7015,1308,1308,0,0,0,0,0,0,0,0,0,0,0,0,0,0,0,0,0,0,0,0,0,0,0,0,0,0,0,0,0,0,0,0.0,0,0,0,0,0,0,0,0,0, $-   ,"$10,335,975.53","$10,335,975.53",
15.0,Sonora,2019,BDE-007-2019,28-feb-19,Hidrometeorológico,Helada y nevada severa del 20 al 24 de febrero de 2019,CONAGUA,"Aconchi, Álamos, Altar, Arivechi, Átil, Bacanora, Bácum, Banámichi, Baviácora, Benito Juárez, Benjamin Hill, Caborca, Cajeme, Carbó, Cumpas, Divisaderos, Empalme, Etchojoa, General Plutarco Elías Calles, Granados, Guaymas, Hermosillo, Huásabas, Huatabampo, Huépac, La Colorada, Magdalena, Mazatán, Moctezuma, Navojoa, Ónavas, Opodepe, Oquitoa, Pitiquito, Puerto Peñasco, Quiriego, Rayón, Rosario, Sahuaripa, San Felipe de Jesús, San Ignacio Río Muerto, San Javier, San Luis Río Colorado, San Miguel de Horcasitas, San Pedro de la Cueva, Santa Ana, Soyopa, Suaqui Grande, Tepache, Trincheras, Tubutama, Ures, Villa Hidalgo y Villa Pesqueira, Agua Prieta, Arizpe, Bacadéhuachi, Bacerac, Bacoachi, Bavispe, Cananea, Cucurpe, Fronteras, Huachinera, Ímuris, Naco, Nácori Chico, Nacozari de García, Nogales, Santa Cruz, Sáric y Yécora",29,"SSPC/DGPC/0152/2019, SSPC/DGPC/0163/2019",9207,9207,08-mar-19,https://www.dof.gob.mx/nota_detalle.php?codigo=5552279&fecha=08/03/2019#gsc.tab=0,Coordinación Estatal de Protección Civil,BDE-008-2019,20-mar-19,28-mar-19,https://www.dof.gob.mx/nota_detalle.php?codigo=5555824&fecha=28/03/2019#gsc.tab=0,80744,2301,0,0,0,0,0,9207,0,9207,0,0,10000.0,0,0,0,50000,0,0,0,0,0,0,29,0,0,0,0,0,0,0,0,0,0,0,0,0,0,0,0,0,0,0,0,0,0,0,0,0,0,0.0,0,0,0,0,0,0,0,0,0, $-   ,"$8,876,335.04","$8,876,335.04",
16.0,Coahuila,2019,BDE-009-2019,23-abr-19,Hidrometeorológico,Granizada severa el 17 de abril de 2019,CONAGUA,Jiménez y Zaragoza,2,SSPC/DGPC/0302/2019,1124,1124,02-may-19,https://www.dof.gob.mx/nota_detalle.php?codigo=5559137&fecha=02/05/2019#gsc.tab=0,Coordinación Estatal de Protección Civil,BDE-012-2019,03-may-19,13-may-19,https://www.dof.gob.mx/nota_detalle.php?codigo=5560029&fecha=13/05/2019#gsc.tab=0,4591,281,0,0,0,0,0,1124,0,1124,0,0,1500.0,0,0,0,0,281,281,0,0,0,0,0,0,0,0,0,0,0,0,0,0,0,0,0,0,0,0,0,0,0,0,0,0,0,0,0,0,0,0.0,0,0,0,0,0,0,0,0,0, $-   ,"$1,173,044.93","$1,173,044.93",
17.0,Chiapas,2019,BDE-010-2019,25-abr-19,Incendio Forestal,Incendios forestales del 12 al 18 de abril de 2019,CONAFOR,"Acacoyagua, Chamula, Mapastepec y Mazapa",4,SSPC/CNPC/DGPC/0311/2019,15565,15565,07-abr-19,https://www.dof.gob.mx/nota_detalle.php?codigo=5559594&fecha=07/05/2019#gsc.tab=0,Coordinación Estatal de Protección Civil,BDE-013-2019,05-may-19,13-may-19,https://www.dof.gob.mx/nota_detalle.php?codigo=5560028&fecha=13/05/2019#gsc.tab=0,43642,2242,0,0,0,0,0,0,0,0,0,0,0.0,0,0,0,35000,0,0,0,0,0,0,0,0,0,0,0,0,0,0,0,0,0,800,0,0,800,0,800,800,800,800,800,0,800,0,0,0,0,0.0,0,0,0,0,0,0,0,0,0, $-   ,"$3,683,987.84","$3,683,987.84",
18.0,Chiapas,2019,BDE-011-2019,01-may-19,Incendio Forestal,Incendios forestales del 15 al 26 de abril de 2020,CONAFOR,"Arriaga, Berriozábal, Cintalapa, La Concordia, Chiapa de Corzo, Chicomuselo, Huixtla, Jiquipilas, Mazatán, Ocosingo, Pijijiapan, Villa Comaltitlán, Siltepec, Tonalá, La Trinitaria, Tuxtla Gutiérrez, Venustiano Carranza, Villa Corzo, Villaflores y Zinacantán",20,SSPC/CNPC/DGPC/0321/2019,181437,181437,09-may-19,https://www.dof.gob.mx/nota_detalle.php?codigo=5559806&fecha=09/05/2019#gsc.tab=0,Coordinación Estatal de Protección Civil,BDE-014-2019,11-may-19,20-may-19,https://www.dof.gob.mx/nota_detalle.php?codigo=5560678&fecha=20/05/2019#gsc.tab=0,157802,23401,0,0,0,0,0,0,0,0,0,0,0.0,0,0,0,75000,0,23401,0,0,0,0,0,4000,0,0,0,0,0,0,0,0,4000,4000,0,0,4000,0,0,4000,4000,4000,4000,0,4000,0,0,0,0,0.0,0,0,0,0,0,0,0,0,0, $-   ,"$20,298,687.62","$20,298,687.62",
19.0,Oaxaca,2019,BDE-015-2019,11-may-19,Incendio Forestal,Incendios forestales del 26 de febrero al 22 de marzo y del 10 de abril al 5 de mayo de 2019,CONAFOR,"La Reforma, Putla Villa de Guerrero, San Agustín Tlacotepec, San Sebastián Tecomaxtlahuaca y Santo Tomás Tamazulapan, La Constancia del Rosario, Mesones Hidalgo, San Miguel Chimalapa, San Pablo Coatlán, Santa María Chimalapa y Santa María Zaniza.",11,"SSPC/CNPC/DGPC/0361/2019, SSPC/CNPC/DGPC/0383/2019, SSPC/CNPC/DGPC/0437/2019, SSPC/CNPC/DGPC/0451/2019",11566,11566,20-may-19,https://www.dof.gob.mx/nota_detalle.php?codigo=5560677&fecha=20/05/2019#gsc.tab=0,Coordinación Estatal de Protección Civil,BDE-022-2019,20-jun-19,28-jun-19,https://www.dof.gob.mx/nota_detalle.php?codigo=5564436&fecha=28/06/2019#gsc.tab=0,164155,17346,0,0,0,0,0,0,0,0,0,0,1245.0,0,0,0,90000,0,14455,0,0,0,0,0,5782,0,0,0,0,0,0,0,0,2890,2891,0,1100,2891,0,1100,2891,2891,2891,2891,0,2891,10000,0,0,0,0.0,0,0,0,0,0,0,0,0,0, $-   ,"$17,387,504.84","$17,387,504.84",
20.0,Guerrero,2019,BDE-016-2019,17-may-19,Incendio Forestal,Incendios forestales del 25 de abril al 13 de mayo de 2019,CONAFOR,"Acapulco de Juárez, Alcozauca de Guerrero, Arcelia, Atenango del Río, Atlamajalcingo del Monte, Atlixtac, Atoyac de Álvarez, Buenavista de Cuéllar, Chilpancingo de los Bravo, Copalillo, Copanatoyac, Coyuca de Benítez, Coyuca de Catalán, Eduardo Neri, Huitzuco de los Figueroa, Juan R. Escudero, Malinaltepec, Mochitlán, Petatlán, Taxco de Alarcón, Tepecoacuilco de Trujano, Tlacoapa, Tlalixtaquilla de Maldonado, Tlapa de Comonfort, Xochistlahuaca, Zirándaro y Zitlala",27,SSPC/CNPC/DGPC/0379/2019,241710,241710,27-may-19,https://www.dof.gob.mx/nota_detalle.php?codigo=5561209&fecha=27/05/2019#gsc.tab=0,Coordinación Estatal de Protección Civil,BDE-018-2019,27-may-19,04-jun-19,https://www.dof.gob.mx/nota_detalle.php?codigo=5561799&fecha=04/06/2019#gsc.tab=0,240000,28000,0,0,0,0,0,0,0,0,0,0,0.0,0,0,0,120000,0,28000,0,0,0,0,0,8000,0,0,0,0,0,0,0,0,8000,0,0,0,8000,0,0,8000,8000,8000,0,0,8000,8000,0,0,0,0.0,0,0,0,0,0,0,0,0,0, $-   ,"$29,608,218.00","$29,608,218.00",
21.0,Durango,2019,BDE-017-2019,24-may-19,Incendio Forestal,Incendios forestales del 27 de abril al 21 de mayo de 2019,CONAFOR,"Durango, Mezquital y Pueblo Nuevo",3,SSPC/CNPC/DGPC/0415/2019 - SSPC/CNPC/DGPC/0442/2019,18752,18752,03-jun-19,http://dof.gob.mx/nota_detalle.php?codigo=5561726&fecha=03/06/2019#gsc.tab=0,Coordinación Estatal de Protección Civil,BDE-020-2019,13-jun-19,21-jun-19,http://www.dof.gob.mx/nota_detalle.php?codigo=5563817&fecha=21/06/2019,41643,13228,0,0,0,0,0,0,0,0,0,0,0.0,0,0,0,20000,0,6614,0,0,0,0,0,0,0,0,0,0,0,0,0,0,500,0,0,0,200,0,0,500,300,200,0,0,100,0,0,0,0,0.0,0,0,0,0,0,0,0,0,1, $-   ,"$5,912,060.03","$5,912,060.03",
22.0,Jalisco,2019,BDE-019-2019,06-jun-19,Hidrometeorológico,Inundación fluvial el 2 de junio de 2019,CONAGUA,San Gabriel,1,SSPC/CNPC/DGPC/0449/2019,2189,2189,14-jun-19,https://www.dof.gob.mx/nota_detalle.php?codigo=5562772&fecha=14/06/2019#gsc.tab=0,Coordinación Estatal de Protección Civil,BDE-021-2019,16-jun-19,24-jun-19,http://www.dof.gob.mx/nota_detalle.php?codigo=5563894&fecha=24/06/2019#gsc.tab=0,24950,900,0,0,0,0,0,1800,0,1800,0,0,0.0,0,0,0,20000,450,0,0,0,0,0,0,0,0,0,0,0,0,0,0,0,0,0,0,0,0,0,0,0,0,0,0,0,0,0,0,0,0,0.0,0,0,0,0,0,0,0,0,0, $-   ,"$1,227,054.00","$1,227,054.00",
23.0,Tamaulipas,2019,BDE-023-2019,27-jun-19,Hidrometeorológico,Lluvia severa e inundación pluvial y fluvial el 24 de junio de 2019,CONAGUA,Reynosa,1,SSPC/CNPC/DGPC/0506/2019,5287,5287,05-jul-19,https://www.dof.gob.mx/nota_detalle.php?codigo=5565072&fecha=05/07/2019#gsc.tab=0,Coordinación Estatal de Protección Civil,BDE-025-2019,07-jul-19,15-jul-19,https://www.dof.gob.mx/nota_detalle.php?codigo=5565692&fecha=15/07/2019#gsc.tab=0,101089,2642,0,0,0,0,0,5287,0,5287,0,0,0.0,0,0,0,84580,1321,1321,0,0,200,200,0,0,0,0,0,0,0,0,0,0,0,150,0,0,0,0,100,0,0,0,0,0,0,0,0,0,0,0.0,0,0,0,0,0,0,0,0,1, $-   ,"$12,311,849.49","$12,311,849.49",
24.0,Jalisco,2019,BDE-024-2019,03-jul-19,Hidrometeorológico,Granizada severa al 30 de junio de 2019,CONAGUA,Guadalajara y San Pedro Tlaquepaque,2,SSPC/CNPC/DGPC/0532/2019,1564,1564,11-jul-19,https://www.dof.gob.mx/nota_detalle.php?codigo=5565444&fecha=11/07/2019#gsc.tab=0,Coordinación Estatal de Protección Civil,BDE-026-2019,13-jul-19,22-jul-19,http://www.dof.gob.mx/nota_detalle.php?codigo=5566216&fecha=22/07/2019#gsc.tab=0,2737,391,0,0,0,0,0,1564,0,0,0,0,0.0,0,0,0,0,391,391,0,0,0,0,0,0,0,0,0,0,0,0,0,0,0,0,0,0,0,0,0,0,0,0,0,0,0,0,0,0,0,0.0,0,0,0,0,0,0,0,0,0, $-   ,"$369,025.80","$369,025.80",
25.0,Chiapas,2019,BDE-027-2019,19-ago-19,Hidrometeorológico,Lluvia severa el 17 de agosto de 2019.,CONAGUA,Huixtla,1,SSPC/SPPPCCP/CNPC/DGPC/00117/2019,5459,5459,27-ago-19,https://www.dof.gob.mx/nota_detalle.php?codigo=5570403&fecha=27/08/2019#gsc.tab=0,Coordinación Estatal de Protección Civil,BDE-032-2019,29-ago-19,06-sep-19,http://www.dof.gob.mx/nota_detalle.php?codigo=5571525&fecha=06/09/2019#gsc.tab=0,121926,2728,0,0,0,0,0,5459,0,5459,0,0,0.0,0,0,0,87340,1364,1364,0,0,2720,2720,0,0,0,0,6230,6540,0,0,0,0,0,0,0,0,0,0,0,0,0,0,0,0,0,0,0,0,0,0.0,0,0,0,0,0,0,0,0,2, $-   ,"$9,291,158.22","$9,291,158.22",
26.0,Sinaloa,2019,BDE-028-2019,23-ago-19,Hidrometeorológico,Lluvia severa e inundación pluvial los días 21 y 22 de agosto de 2019,CONAGUA,"Elota, Guasave, Mazatlán, Mocorito y Rosario",5,SSPC/SPPPCCP/CNPC/DGPC/00130/2019 - SSPC/SPPPCCP/CNPC/DGPC/00167/2019,16839,16839,02-sep-19,https://www.dof.gob.mx/nota_detalle.php?codigo=5571009&fecha=02/09/2019#gsc.tab=0,Coordinación Estatal de Protección Civil,BDE-035-2019,12-sep-19,23-sep-19,https://www.dof.gob.mx/nota_detalle.php?codigo=5573188&fecha=23/09/2019#gsc.tab=0,84604,9604,0,0,0,0,0,15000,0,15000,0,0,37500.0,0,0,0,0,3750,3750,0,0,0,0,0,0,0,0,0,0,0,0,0,0,0,0,0,0,0,0,0,0,0,0,0,0,0,0,0,0,0,0.0,0,0,0,0,0,0,0,0,0, $-   ,"$23,188,624.66","$23,188,624.66",
27.0,Sinaloa,2019,BDE-029-2019,25-ago-19,Hidrometeorológico,Lluvia severa e inundación fluvial y pluvial el 23 de agosto de 2019,CONAGUA,Ahome,1,SSPC/SPPPCCP/CNPC/DGPC/00131/2019,6473,6473,02-sep-19,https://www.dof.gob.mx/nota_detalle.php?codigo=5571008&fecha=02/09/2019#gsc.tab=0,Coordinación Estatal de Protección Civil,BDE-036-2019,14-sep-19,24-sep-19,https://www.dof.gob.mx/nota_detalle.php?codigo=5573264&fecha=24/09/2019#gsc.tab=0,42073,4854,0,0,0,0,0,6473,0,6473,0,0,21037.0,0,0,0,0,1618,1618,0,0,0,0,0,0,0,0,0,0,0,0,0,0,0,0,0,0,0,0,0,0,0,0,0,0,0,0,0,0,0,0.0,0,0,0,0,0,0,0,0,0, $-   ,"$11,887,335.18","$11,887,335.18",
28.0,Baja California Sur,2019,BDE-030-2019,25-ago-19,Hidrometeorológico,Lluvia severa e inundación pluvial los días 22 y 23 de agosto de 2019,CONAGUA,Comondú y Los Cabos,2,SSPC/SPPPCCP/CNPC/DGPC/00136/2019,4013,4013,02-sep-19,https://www.dof.gob.mx/nota_detalle.php?codigo=5571007&fecha=02/09/2019#gsc.tab=0,Coordinación Estatal de Protección Civil,BDE-037-2019,14-sep-19,24-sep-19,http://www.dof.gob.mx/nota_detalle.php?codigo=5573263&fecha=24/09/2019,93188,2006,0,0,0,0,0,4013,0,4013,0,0,13042.0,0,0,0,32104,1003,2006,30000,0,2000,2000,0,0,0,0,0,0,0,0,0,0,1000,0,0,0,0,0,0,0,0,0,0,0,0,0,0,0,0,0.0,0,0,0,0,0,0,0,0,1, $-   ,"$10,960,255.12","$10,960,255.12",
29.0,Zacatecas,2019,BDE-031-2019,28-ago-19,Hidrometeorológico,"Lluvia severa e inundación pluvial los días 22, 23 y 24 de agosto de 2019",CONAGUA,"Fresnillo, Genaro Codina, Nochistlán de Mejía, Pánuco y Pinos",5,SSPC/SPPPCCP/CNPC/DGPC/00140/2019,3266,3266,05-sep-19,http://www.dof.gob.mx/nota_detalle.php?codigo=5571331&fecha=05/09/2019#gsc.tab=0,Coordinación Estatal de Protección Civil,BDE-033-2019,07-sep-19,17-sep-19,https://www.dof.gob.mx/nota_detalle.php?codigo=5572443&fecha=17/09/2019#gsc.tab=0,8985,1632,0,0,0,0,0,3266,0,3266,0,0,0.0,0,0,0,0,816,0,0,0,0,0,5,0,0,0,0,0,0,0,0,0,0,0,0,0,0,0,0,0,0,0,0,0,0,0,0,0,0,0.0,0,0,0,0,0,0,0,0,0, $-   ,"$2,168,959.08","$2,168,959.08",
30.0,Sonora,2019,BDE-034-2019,12-sep-19,Hidrometeorológico,Inundación fluvial y pluvial el 8 de septiembre de 2019,CONAGUA,Agua Prieta,1,SSPC/SPPPCCP/CNPC/DGPC/00231/2019,1899,1899,23-sep-19,https://www.dof.gob.mx/nota_detalle.php?codigo=5573187&fecha=23/09/2019#gsc.tab=0,Coordinación Estatal de Protección Civil,BDE-041-2019,22-sep-19,30-sep-19,https://www.dof.gob.mx/nota_detalle.php?codigo=5573849&fecha=30/09/2019#gsc.tab=0,26522,474,0,0,0,0,0,1899,0,1899,0,0,1000.0,0,0,0,10000,474,474,10000,0,100,100,2,100,0,0,0,0,0,0,0,0,0,0,0,0,0,0,0,0,0,0,0,0,0,0,0,0,0,0.0,0,0,0,0,0,0,0,0,0, $-   ,"$1,543,594.92","$1,543,594.92",
31.0,Chiapas,2019,BDE-038-2019,18-sep-19,Hidrometeorológico,Inundación fluvial el 16 de septiembre de 2019,CONAGUA,Tapachula,1,SSPC/SPPPCCP/CNPC/DGPC/00238/2019,3539,3539,28-sep-19,https://www.dof.gob.mx/nota_detalle.php?codigo=5573565&fecha=26/09/2019#gsc.tab=0,Coordinación Estatal de Protección Civil,BDE-045-2019,28-sep-19,07-oct-19,http://dof.gob.mx/nota_detalle.php?codigo=5574510&fecha=07/10/2019#gsc.tab=0,46342,884,0,0,0,0,0,0,0,3539,0,0,0.0,0,0,0,28310,884,884,0,0,1680,1680,0,0,0,0,4240,4240,0,0,0,0,0,0,0,0,0,0,0,0,0,0,0,0,0,0,0,0,0,0.0,0,0,0,0,0,0,0,0,1, $-   ,"$40,929,152.14","$40,929,152.14",
32.0,Chiapas,2019,BDE-039-2019,21-sep-19,Hidrometeorológico,Inundación fluvial el 16 de septiembre de 2019,CONAGUA,Mapastepec,1,SSPC/SPPPCCP/CNPC/DGPC/00250/2019,1580,1580,30-sep-19,https://www.dof.gob.mx/nota_detalle.php?codigo=5573848&fecha=30/09/2019#gsc.tab=0,Coordinación Estatal de Protección Civil,BDE-049-2019,01-oct-19,09-oct-19,https://www.dof.gob.mx/nota_detalle.php?codigo=5574846&fecha=09/10/2019#gsc.tab=0,16326,395,0,0,0,0,0,0,0,1580,0,0,0.0,0,0,0,9220,395,395,0,0,790,790,0,0,0,0,1380,1380,0,0,0,0,0,0,0,0,0,0,0,0,0,0,0,0,0,0,0,0,0,0.0,0,0,0,0,0,0,0,0,1, $-   ,"$12,733,165.47","$12,733,165.47",
33.0,Baja California Sur,2019,BDE-040-2019,22-sep-19,Hidrometeorológico,"Lluvia severa y vientos fuertes el 20 de septiembre de 2019 por el huracán ""Lorena""",CONAGUA,La Paz y Los Cabos,2,SSPC/SPPPCCP/CNPC/DGPC/00251/2019,2849,2849,30-sep-19,https://www.dof.gob.mx/nota_detalle.php?codigo=5573847&fecha=30/09/2019#gsc.tab=0,Coordinación Estatal de Protección Civil,BDE-050-2019,02-oct-19,10-oct-19,http://www.dof.gob.mx/nota_detalle.php?codigo=5574987&fecha=10/10/2019#gsc.tab=0,85733,1424,0,0,0,0,0,2849,0,2849,0,0,9200.0,0,0,0,44034,712,1424,20000,0,1420,1420,0,0,0,0,0,0,0,0,0,0,400,0,0,0,0,0,0,0,0,0,0,0,0,0,0,0,0,0.0,0,0,0,0,0,0,0,0,1, $-   ,"$13,332,329.85","$13,332,329.85",
34.0,Chiapas,2019,BDE-042-2019,23-sep-19,Hidrometeorológico,Inundación fluvial el 18 de septiembre de 2019,CONAGUA,Acapetahua,1,SSPC/SPPPCCP/CNPC/DGPC/00260/2019,1734,1734,01-oct-19,https://www.dof.gob.mx/nota_detalle.php?codigo=5573928&fecha=01/10/2019#gsc.tab=0,Coordinación Estatal de Protección Civil,BDE-053-2019,03-oct-19,11-oct-19,https://www.dof.gob.mx/nota_detalle.php?codigo=5575189&fecha=11/10/2019#gsc.tab=0,13874,433,0,0,0,0,0,0,0,1734,0,0,0.0,0,0,0,5720,433,433,0,0,860,860,0,0,0,0,1700,1700,0,0,0,0,0,0,0,0,0,0,0,0,0,0,0,0,0,0,0,0,0,0.0,0,0,0,0,0,0,0,0,1, $-   ,"$6,273,470.67","$6,273,470.67",
35.0,Sonora,2019,BDE-043-2019,24-sep-19,Hidrometeorológico,"Lluvia severa e inundación pluvial el 21 de septiembre de 2019 por el huracán ""Lorena""",CONAGUA,"Guaymas, Empalme, Etchojoa, Hermosillo, Huatabampo y Navojoa",6,SSPC/SPPPCCP/CNPC/DGPC/00263/2019,7238,7238,02-oct-19,https://www.dof.gob.mx/nota_detalle.php?codigo=5574103&fecha=02/10/2019#gsc.tab=0,Coordinación Estatal de Protección Civil,BDE-056-2019,04-oct-19,14-oct-19,https://www.dof.gob.mx/nota_detalle.php?codigo=5575264&fecha=14/10/2019,280834,5427,0,0,0,0,0,7238,0,7238,0,0,20000.0,0,0,0,173700,1809,1809,60000,0,1200,1200,12,1200,0,0,0,0,0,0,0,0,0,0,0,0,0,0,0,0,0,0,0,0,0,0,0,0,0,0.0,0,0,0,0,0,0,0,0,1, $-   ,"$27,553,685.41","$27,553,685.41",
36.0,Jalisco,2019,BDE-044-2019,25-sep-19,Hidrometeorológico,"Presencia huracán ""Lorena"" (Lluvia Severa) el 18 de septiembre de 2019",CONAGUA,"Cihuatlán, Cuatitlán de García Barragán, La Huerta, Tomatlán y Villa Purificación.",5,SSPC/SPPPCCP/CNPC/DGPC/00268/2019,3375,3375,03-oct-19,http://www.dof.gob.mx/nota_detalle.php?codigo=5574223&fecha=03/10/2019#gsc.tab=0,Coordinación Estatal de Protección Civil,BDE-057-2019,05-oct-19,14-oct-19,https://www.dof.gob.mx/nota_detalle.php?codigo=5575263&fecha=14/10/2019#gsc.tab=0,36280,843,0,0,0,0,0,3375,0,3375,0,0,0.0,0,0,0,27000,843,843,0,0,0,0,0,0,0,0,0,0,0,0,0,0,0,0,0,0,0,0,0,0,0,0,0,0,0,0,0,0,0,0.0,0,0,0,0,0,0,0,0,1, $-   ,"$4,566,249.52","$4,566,249.52",
37.0,Sonora,2019,BDE-046-2019,29-sep-19,Hidrometeorológico,Lluvia severa e inundación pluvial los días 24 y 25 de septiembre de 2019 por Frente Frío No. 1,CONAGUA,"Altar, Arizpe, Atil, Bacoachi, Benjamín Hill, Caborca, Carbó, Cucurpe, Imuris, Magdalena, Naco, Nogales, Oquitoa, Pitiquito, Puerto Peñasco, Rayón, San Miguel de Horcasitas, Santa Ana, Santa Cruz, Sáric, Tubutama.",21,SSPC/SPPPCCP/CNPC/DGPC/00290/2019,12071,12071,07-oct-19,https://www.dof.gob.mx/nota_detalle.php?codigo=5574509&fecha=07/10/2019#gsc.tab=0,Coordinación Estatal de Protección Civil,BDE-059-2019,10-oct-19,17-oct-19,https://www.dof.gob.mx/nota_detalle.php?codigo=5575708&fecha=17/10/2019#gsc.tab=0,241428,9051,0,0,0,0,0,10000,0,10000,0,0,20000.0,0,0,0,150000,3017,3017,30000,0,2100,2100,42,2100,0,0,0,0,0,0,0,0,0,0,0,0,0,0,0,0,0,0,0,0,0,0,0,0,0,0.0,0,0,0,0,0,0,0,0,1, $-   ,"$22,274,732.26","$22,274,732.26",
38.0,Chiapas,2019,BDE-047-2019,29-sep-19,Hidrometeorológico,Inundación fluvial el 26 de septiembre de 2019,CONAGUA,Villa Comaltitlán,1,SSPC/SPPPCCP/CNPC/DGPC/00291/2019,1217,1217,07-oct-19,https://www.dof.gob.mx/nota_detalle.php?codigo=5574508&fecha=07/10/2019#gsc.tab=0,Coordinación Estatal de Protección Civil,BDE-060-2019,10-oct-19,18-oct-19,http://www.dof.gob.mx/nota_detalle.php?codigo=5575707&fecha=17/10/2019,16966,304,0,0,0,0,0,0,0,1217,0,0,0.0,0,0,0,9730,304,304,0,0,608,608,0,0,0,0,1940,1950,0,0,0,0,0,0,0,0,0,0,0,0,0,0,0,0,0,0,0,0,0,0.0,0,0,0,0,0,0,0,0,1, $-   ,"$11,064,135.28","$11,064,135.28",
39.0,Oaxaca,2019,BDE-048-2019,01-oct-19,Hidrometeorológico,"Lluvia severa e inundación fluvial los días 28 y 29 de septiembre de 2019 por el huracán ""Narda""",CONAGUA,"Coicoyán de las Flores, Heroica Ciudad de Juchitán de Zaragoza, Putla Villa de Guerrero, San Juan Lachao, San Juan Quiahije, San Mateo Piñas, San Miguel Panixtlahuaca, San Pedro Mixtepec -Dto. 22-, San Pedro Mixtepec -Dto. 26-, San Sebastián Tecomaxtlahuaca, Santa Catarina Juquila, Santa Catarina Yosonotú, Santa María Colotepec, Santa María Huazolotitlán, Santa María Yolotepec, Santiago Jamiltepec, Santiago Juxtlahuaca, Santiago Pinotepa Nacional, Santiago Yaitepec, Santos Reyes Nopala y Villa de Tututepec de Melchor Ocampo.",21,SSPC/SPPPCCP/CNPC/DGPC/00296/2019 - SSPC/SPPPCCP/CNPC/DGPC/00375/2019,36732,36732,09-oct-19,https://www.dof.gob.mx/nota_detalle.php?codigo=5574845&fecha=09/10/2019#gsc.tab=0,Coordinación Estatal de Protección Civil,BDE-069-2019,21-oct-19,29-oct-19,http://www.dof.gob.mx/nota_detalle.php?codigo=5576805&fecha=29/10/2019#gsc.tab=0,415798,21960,0,0,0,0,0,36732,0,36732,0,0,50210.0,0,0,0,250000,9183,10980,0,0,0,0,0,0,0,0,0,0,0,0,0,0,0,0,0,0,0,0,0,0,0,0,0,0,0,0,0,0,0,0.0,0,0,0,0,0,0,0,0,1, $-   ,"$72,734,747.92","$72,734,747.92",
40.0,Guerrero,2019,BDE-051-2019,02-oct-19,Hidrometeorológico,"Lluvia severa e inundación fluvial y pluvial el 28 y 29 de septiembre de 2019 por el huracán ""Narda""",CONAGUA,"Acapulco de Juárez, Acatepec, Atoyac de Álvarez, Benito Juárez, Chilapa de Álvarez, Chilpancingo de los Bravo, Coahuayutla de José María Izazaga, Cuajinicuilapa, Coyuca de Benítez, Cuautepec, Eduardo Neri, Florencio Villarreal, Igualapa, José Joaquín de Herrera, La Unión de Isidoro Montes de Oca, Leonardo Bravo, Malinaltepec, Metlatónoc, Petatlán, Técpan de Galeana, Tixtla de Guerrero, Tlacoapa y Zihuatanejo de Azueta.",23,SSPC/SPPPCCP/CNPC/DGPC/00328/2019 - SSPC/SPPPCCP/CNPC/DGPC/00379/2019,17351,17351,10-oct-19,https://www.dof.gob.mx/nota_detalle.php?codigo=5574986&fecha=10/10/2019#gsc.tab=0,Coordinación Estatal de Protección Civil,BDE-070-2019,22-oct-19,30-oct-19,https://www.dof.gob.mx/nota_detalle.php?codigo=5576994&fecha=30/10/2019#gsc.tab=0,355352,17348,0,0,0,0,0,17351,0,17351,0,0,56390.0,0,0,0,120000,4337,8674,0,0,0,0,0,8600,0,0,16500,13200,14400,19800,16500,12000,0,4300,0,0,0,0,4300,0,0,0,4300,0,0,0,0,0,0,0.0,0,0,0,0,0,0,0,0,1, $-   ,"$51,463,968.05","$51,463,968.05",
41.0,Colima,2019,BDE-052-2019,02-oct-19,Hidrometeorológico,"Lluvia severa e inundación fluvial y pluvial el 29 y 30 de septiembre de 2019 por el huracán ""Narda""",CONAGUA,"Armería, Colima, Comala, Coquimatlán, Cuauhtémoc, Ixtlahuacán, Manzanillo, Minatitlán, Tecomán y Villa de Álvarez.",10,SSPC/SPPPCCP/CNPC/DGPC/00327/2019,1741,1741,10-oct-19,https://www.dof.gob.mx/nota_detalle.php?codigo=5574985&fecha=10/10/2019#gsc.tab=0,Coordinación Estatal de Protección Civil,BDE-062-2019,12-oct-19,21-oct-19,https://www.dof.gob.mx/nota_detalle.php?codigo=5576004&fecha=21/10/2019#gsc.tab=0,10881,435,0,0,0,0,0,1741,0,1741,0,0,0.0,6093,0,0,0,435,435,0,0,0,0,0,0,0,0,0,0,0,0,0,0,0,0,0,0,0,0,0,0,0,0,0,0,0,0,0,0,0,0.0,0,0,0,0,0,0,0,0,1, $-   ,"$10,419,232.94","$10,419,232.94",
42.0,Michoacán,2019,BDE-054-2019,03-oct-19,Hidrometeorológico,"Inundación fluvial el 28 y 29 de septiembre de 2019 por el huracán ""Narda""",CONAGUA,Lázaro Cárdenas,1,SSPC/SPPPCCP/CNPC/DGPC/00326/2019,1124,1124,11-oct-19,https://www.dof.gob.mx/nota_detalle.php?codigo=5575187&fecha=11/10/2019#gsc.tab=0,Coordinación Estatal de Protección Civil,BDE-063-2019,13-oct-19,21-oct-19,https://www.dof.gob.mx/nota_detalle.php?codigo=5576006&fecha=21/10/2019,6599,281,0,0,0,0,0,0,0,1124,0,632,0.0,0,0,0,4000,281,281,0,0,0,0,0,0,0,0,0,0,0,0,0,0,0,0,0,0,0,0,0,0,0,0,0,0,0,0,0,0,0,0.0,0,0,0,0,0,0,0,0,0, $-   ,"$716,640.96","$716,640.96",
43.0,Michoacán,2019,BDE-055-2019,03-oct-19,Hidrometeorológico,"Inundación fluvial el 29 y 30 de septiembre de 2019 por el huracán ""Narda""",CONAGUA,Aquila y Coahuayana,2,SSPC/SPPPCCP/CNPC/DGPC/00325/2019,1133,1133,11-oct-19,https://www.dof.gob.mx/nota_detalle.php?codigo=5575188&fecha=11/10/2019#gsc.tab=0,Coordinación Estatal de Protección Civil,BDE-064-2019,13-oct-19,21-oct-19,https://dof.gob.mx/nota_detalle.php?codigo=5576005&fecha=21/10/2019,3312,250,0,0,0,0,0,0,0,1000,0,562,0.0,0,0,0,1000,250,250,0,0,0,0,0,0,0,0,0,0,0,0,0,0,0,0,0,0,0,0,0,0,0,0,0,0,0,0,0,0,0,0.0,0,0,0,0,0,0,0,0,0, $-   ,"$622,142.64","$622,142.64",
44.0,Oaxaca,2019,BDE-058-2019,08-oct-19,Hidrometeorológico,"Lluvia severa e inundación fluvial y pluvial el 28 y 29 de septiembre por el huracán ""Narda""",CONAGUA,"San Agustín Chayuco, San Baltazar Loxicha, San Bartolomé Loxicha, San Jerónimo Coatlán, San Pedro Juchatengo, San Sebastián Coatlán, Santa María Tonameca, Santo Domingo Tehuantepec, San Andrés Cabecera Nueva, San Francisco Ozolotepec, San Juan Ozolotepec, San Marcial Ozolotepec, San Miguel del Puerto, San Pablo Tijaltepec, San Pedro el Alto, Santa Cruz Itundujia, Santa María Huatulco, Santa María Yucuhiti, Santa María Zacatepec, Santo Domingo Ixcatlán, Santo Domingo Ozolotepec, Santo Tomás Ocotepec, San Juan Colorado, San Pedro Amuzgos, Chalcatongo de Hidalgo, San Esteban Atatlahuca, Calihualá, San Gabriel Mixtepec, Santa María Temaxcaltepec, Heroica Ciudad de Tlaxiaco, San Lorenzo Victoria, Santiago Tamazola, Silacayoápam, San Juan Mixtepec Dto. 08, San Juan Ñumí, San Martín Itunyoso, Santa Cruz Nundaco y San Martín Peras.",38,SSPC/SPPPCCP/CNPC/DGPC/00363/2019,5507,5507,16-oct-19,https://www.dof.gob.mx/nota_detalle.php?codigo=5575546&fecha=16/10/2019#gsc.tab=0,Coordinación Estatal de Protección Civil,BDE-067-2019,18-oct-19,28-oct-19,https://www.dof.gob.mx/nota_detalle.php?codigo=5576687&fecha=28/10/2019#gsc.tab=0,97472,2752,0,0,0,0,0,5507,0,5507,0,0,17897.0,0,0,0,63056,1376,1376,0,0,0,0,0,0,0,0,0,0,0,0,0,0,0,0,0,0,0,0,0,0,0,0,0,0,0,0,0,0,0,0.0,0,0,0,0,0,0,0,0,1, $-   ,"$31,196,865.31","$31,196,865.31",
45.0,Jalisco,2019,BDE-061-2019,10-oct-19,Hidrometeorológico,"Inundación fluvial y pluvial el 29 de septiembre de 2019 por huracán ""Narda""",CONAGUA,"Cabo Corrientes, Cihuatlán, Cuautitlán de García Barragán, La Huerta, Puerta Vallarta, Tomatlán y Villa Purificación",7,SSPC/SPPPCCP/CNPC/DGPC/00368/2019,5216,5216,18-oct-19,https://www.dof.gob.mx/nota_detalle.php?codigo=5575905&fecha=18/10/2019,Coordinación Estatal de Protección Civil,BDE-068-2019,20-oct-19,28-oct-19,https://www.dof.gob.mx/nota_detalle.php?codigo=5576686&fecha=28/10/2019#gsc.tab=0,53545,1245,0,0,0,0,0,4981,0,4981,0,0,0.0,0,0,0,39848,1245,1245,0,0,0,0,0,0,0,0,0,0,0,0,0,0,0,0,0,0,0,0,0,0,0,0,0,0,0,0,0,0,0,0.0,0,0,0,0,0,0,0,0,0, $-   ,"$2,856,959.96","$2,856,959.96",
46.0,Chiapas,2019,BDE-065-2019,14-oct-19,Hidrometeorológico,Inundación fluvial del 7 al 10 de octubre de 2019,CONAGUA,Mapastepec,1,SSPC/SPPPCCP/CNPC/DGPC/00413/2019,679,679,22-oct-19,https://www.dof.gob.mx/nota_detalle.php?codigo=5576123&fecha=22/10/2019#gsc.tab=0,Coordinación Estatal de Protección Civil,BDE-072-2019,24-oct-19,01-nov-19,https://www.dof.gob.mx/nota_detalle.php?codigo=5577568&fecha=01/11/2019#gsc.tab=0,8929,169,0,0,0,0,0,0,0,679,0,0,0.0,0,0,0,5432,169,169,0,0,339,339,0,0,0,0,816,816,0,0,0,0,0,0,0,0,0,0,0,0,0,0,0,0,0,0,0,0,0,0.0,0,0,0,0,0,0,0,0,1, $-   ,"$13,508,316.62","$13,508,316.62",
47.0,Baja California Sur,2019,BDE-066-2019,15-oct-19,Hidrometeorológico,Lluvia severa e inundación fluvial y pluvial el 13 de octubre de 2019,CONAGUA,La Paz y Los Cabos,2,SSPC/SPPPCCP/CNPC/DGPC/00414/2019,3724,3724,23-oct-19,https://www.dof.gob.mx/nota_detalle.php?codigo=5576324&fecha=23/10/2019#gsc.tab=0,Coordinación Estatal de Protección Civil,BDE-073-2019,25-oct-19,04-nov-19,https://www.dof.gob.mx/nota_detalle.php?codigo=5577628&fecha=04/11/2019#gsc.tab=0,52135,931,0,0,0,0,0,3724,0,3724,0,0,12103.0,0,0,0,29790,931,931,0,0,0,0,0,0,0,0,0,0,0,0,0,0,0,0,0,0,0,0,0,0,0,0,0,0,0,0,0,0,0,0.0,0,0,0,0,0,0,0,0,1, $-   ,"$18,603,214.74","$18,603,214.74",
48.0,Oaxaca,2019,BDE-071-2019,22-oct-19,Hidrometeorológico,Lluvia severa e inundación fluvial y pluvial los días 16 y 17 de octubre de 2019,CONAGUA,"El Barrio de la Soledad, San Francisco del Mar, San Lorenzo, San Miguel Tenango, San Pedro Jicayán, San Pedro Tapanatepec, San Pedro Comitancillo, Santa María Ozolotepec, Santo Domingo Petapa, Santo Domingo Tehuantepec, Santiago Niltepec y Unión Hidalgo.",12,SSPC/SPPPCCP/CNPC/DGPC/00427/2019 - SSPC/SPPPCCP/CNPC/DGPC/00497/2019,2306,2306,30-oct-19,https://www.dof.gob.mx/nota_detalle.php?codigo=5576993&fecha=30/10/2019#gsc.tab=0,Coordinación Estatal de Protección Civil,BDE-082-2019,11-nov-19,20-nov-19,https://www.dof.gob.mx/nota_detalle.php?codigo=5579383&fecha=20/11/2019#gsc.tab=0,89929,2302,0,0,0,0,0,2306,0,2306,0,0,7494.0,0,0,0,73792,576,1152,0,0,0,0,0,0,0,0,0,0,0,0,0,0,0,0,0,0,0,0,0,0,0,0,0,0,0,0,0,0,0,0.0,0,0,0,0,0,0,0,0,1, $-   ,"$11,663,328.62","$11,663,328.62",
49.0,Oaxaca,2019,BDE-074-2019,25-oct-19,Hidrometeorológico,Lluvia severa e inundación pluvial el 16 de octubre de 2019,CONAGUA,"San Francisco Ixhuatán, Santa María Petapa, Santa María Xadani y Santo Domingo Ingenio",4,SSPC/SPPPCCP/CNPC/DGPC/00460/2019 - SSPC/SPPPCCP/CNPC/DGPC/00504/2019,2400,2400,04-nov-19,https://www.dof.gob.mx/nota_detalle.php?codigo=5577626&fecha=04/11/2019#gsc.tab=0,Coordinación Estatal de Protección Civil,BDE-083-2019,14-nov-19,25-nov-19,https://www.dof.gob.mx/nota_detalle.php?codigo=5579704&fecha=25/11/2019#gsc.tab=0,90673,2328,0,0,0,0,0,2400,0,2400,0,0,7800.0,0,0,0,74544,600,600,0,0,0,0,0,0,0,0,0,0,0,0,0,0,0,0,0,0,0,0,0,0,0,0,0,0,0,0,0,0,0,0.0,0,0,0,0,0,0,0,0,1, $-   ,"$8,494,537.47","$8,494,537.47",
50.0,Tamaulipas,2019,BDE-075-2019,25-oct-19,Hidrometeorológico,Lluvia severa e inundación fluvial el 23 de octubre de 2019,CONAGUA,Aldama,1,SSPC/SPPPCCP/CNPC/DGPC/00461/2019 - SSPC/SPPPCCP/CNPC/DGPC/00501/2019,600,600,04-nov-19,http://www.dof.gob.mx/nota_detalle.php?codigo=5577627&fecha=04/11/2019#gsc.tab=0,Coordinación Estatal de Protección Civil,BDE-084-2019,14-nov-19,25-nov-19,http://www.dof.gob.mx/nota_detalle.php?codigo=5579705&fecha=25/11/2019#gsc.tab=0,6851,300,0,0,0,0,0,600,0,600,0,0,0.0,0,0,0,4800,150,150,0,0,100,150,0,0,0,0,0,0,0,0,0,0,0,0,0,0,0,0,0,0,0,0,0,0,0,0,0,0,0,0.0,0,0,0,0,0,0,0,0,1, $-   ,"$11,706,338.97","$11,706,338.97",
51.0,Baja California,2019,BDE-076-2019,26-oct-19,Incendio Forestal,Incendios forestales a partir del 24 de octubre de 2019,CONAFOR,Ensenada y Tecate,2,SSPC/SPPPCCP/CNPC/DGPC/00462/2019,1500,1500,04-nov-19,https://www.dof.gob.mx/nota_detalle.php?codigo=5577625&fecha=04/11/2019#gsc.tab=0,Coordinación Estatal de Protección Civil,BDE-078-2019,05-nov-19,13-nov-19,http://www.dof.gob.mx/nota_detalle.php?codigo=5578691&fecha=13/11/2019#gsc.tab=0,15750,375,0,0,0,0,0,1500,0,1500,0,0,0.0,0,0,0,12000,0,375,0,0,0,0,0,0,0,0,0,0,0,0,0,0,0,0,0,0,0,0,0,0,0,0,0,0,0,0,0,0,0,0.0,0,0,0,0,0,0,0,0,0, $-   ,"$465,815.00","$465,815.00",
52.0,Veracruz,2019,BDE-077-2019,29-oct-19,Hidrometeorológico,Lluvia severa e inundación pluvial del 23 al 26 de octubre de 2019,CONAGUA,"Angel R. Cabada, Saltabarranca, Santiago Tuxtla y Zaragoza",4,SSPC/SPPPCCP/CNPC/DGPC/00468/2019,950,950,06-nov-19,https://www.dof.gob.mx/nota_detalle.php?codigo=5577969&fecha=06/11/2019#gsc.tab=0,Coordinación Estatal de Protección Civil,BDE-081-2019,08-nov-19,19-nov-19,https://www.dof.gob.mx/nota_detalle.php?codigo=5579127&fecha=19/11/2019#gsc.tab=0,26572,711,0,0,0,0,0,950,0,950,0,0,3087.0,0,0,0,7600,237,237,12800,0,0,0,0,0,0,0,0,0,0,0,0,0,0,0,0,0,0,0,0,0,0,0,0,0,0,0,0,0,0,0.0,0,0,0,0,0,0,0,0,0, $-   ,"$1,850,072.18","$1,850,072.18",
53.0,Veracruz,2019,BDE-079-2019,05-nov-19,Hidrometeorológico,"Lluvia severa e inundación pluvial los días 31 de octubre, 2 y 3 de noviembre de 2019",CONAGUA,"Hueyapan de Ocampo, San Andrés Tuxtla y Tamiahua",3,SSPC/SPPPCCP/CNPC/DGPC/00519/2019,3300,3300,13-nov-19,https://www.dof.gob.mx/nota_detalle.php?codigo=5578690&fecha=13/11/2019#gsc.tab=0,Coordinación Estatal de Protección Civil,BDE-085-2019,15-nov-19,26-nov-19,http://dof.gob.mx/nota_detalle.php?codigo=5579807&fecha=26/11/2019#gsc.tab=0,41402,1650,0,0,0,0,0,3300,0,3300,0,0,2550.0,0,0,0,8552,825,825,20400,0,0,0,0,0,0,0,0,0,0,0,0,0,0,0,0,0,0,0,0,0,0,0,0,0,0,0,0,0,0,0.0,0,0,0,0,0,0,0,0,0, $-   ,"$3,113,738.40","$3,113,738.40",
54.0,Veracruz,2019,BDE-080-2019,08-nov-19,Hidrometeorológico,"Lluvia severa e inundación pluvial los días 2, 4 y 5 de noviembre de 2019",CONAGUA,"Isla, Jesús Carranza, José Azueta y Texistepec",4,SSPC/SPPPCCP/CNPC/DGPC/00528/2019,1048,1048,19-nov-19,https://dof.gob.mx/nota_detalle.php?codigo=5579126&fecha=19/11/2019,Coordinación Estatal de Protección Civil,BDE-086-2019,18-nov-19,26-nov-19,http://www.dof.gob.mx/nota_detalle.php?codigo=5579808&fecha=26/11/2019#gsc.tab=0,21448,524,0,0,0,0,0,1048,0,1048,0,0,0.0,0,0,0,8384,262,262,9920,0,0,0,0,0,0,0,0,0,0,0,0,0,0,0,0,0,0,0,0,0,0,0,0,0,0,0,0,0,0,0.0,0,0,0,0,0,0,0,0,0, $-   ,"$764,800.00","$764,800.00",
55.0,Tabasco,2019,BDE-087-2019,20-nov-19,Hidrometeorológico,Vientos fuertes e inundación fluvial y pluvial del 12 al 14 de noviembre de 2019,CONAGUA,"Cárdenas, Centla, Centro, Comalcalco, Cunduacán, Huimanguillo, Macuspana, Nacajuca, Paraíso y Teapa",10,SSPC/SPPPCCP/CNPC/DGPC/00581/2019,8113,8113,28-nov-19,https://www.dof.gob.mx/nota_detalle.php?codigo=5580183&fecha=28/11/2019#gsc.tab=0,Coordinación Estatal de Protección Civil,BDE-088-2019,30-nov-19,09-dic-19,https://www.dof.gob.mx/nota_detalle.php?codigo=5581290&fecha=09/12/2019,31704,2028,0,0,0,0,0,0,0,8113,0,0,0.0,0,0,0,17506,2028,2028,0,0,0,0,0,0,0,0,0,0,0,0,0,0,0,0,0,0,0,0,0,0,0,0,0,0,0,0,0,0,0,0.0,0,0,0,0,0,0,0,0,1, $-   ,"$31,727,430.62","$31,727,430.62",
56.0,Sinaloa,2019,BDE-089-2019,01-dic-19,Hidrometeorológico,Lluvia severa e inundación pluvial el 28 de noviembre de 2019,CONAGUA,"Culiacán, Elota, Mazatlán y San Ignacio",4,SSPC/SPPPCCP/CNPC/DGPC/00628/2019,4731,4731,09-dic-19,https://www.dof.gob.mx/nota_detalle.php?codigo=5581289&fecha=09/12/2019#gsc.tab=0,Coordinación Estatal de Protección Civil,BDE-094-2019,11-dic-19,19-dic-19,http://www.dof.gob.mx/nota_detalle.php?codigo=5582352&fecha=19/12/2019#gsc.tab=0,9459,2364,0,0,0,0,0,4731,0,0,0,0,0.0,0,0,0,0,0,2364,0,0,0,0,0,0,0,0,0,0,0,0,0,0,0,0,0,0,0,0,0,0,0,0,0,0,0,0,0,0,0,0.0,0,0,0,0,0,0,0,0,0, $-   ,"$1,624,958.40","$1,624,958.40",
57.0,Baja California Sur,2019,BDE-090-2019,01-dic-19,Hidrometeorológico,Lluvia severa e inundación pluvial el 27 y 28 de noviembre de 2019,CONAGUA,"La Paz, Los Cabos y Mulegé",3,SSPC/SPPPCCP/CNPC/DGPC/00629/2019,2617,2617,09-dic-19,https://www.dof.gob.mx/nota_detalle.php?codigo=5581287&fecha=09/12/2019,Coordinación Estatal de Protección Civil,BDE-095-2019,11-dic-19,19-dic-19,http://www.dof.gob.mx/nota_detalle.php?codigo=5582350&fecha=19/12/2019#gsc.tab=0,36638,654,0,0,0,0,0,2617,0,2617,0,0,8505.0,0,0,0,20936,654,654,0,0,0,0,0,0,0,0,0,0,0,0,0,0,0,0,0,0,0,0,0,0,0,0,0,0,0,0,0,0,0,0.0,0,0,0,0,0,0,0,0,1, $-   ,"$13,098,771.39","$13,098,771.39",
58.0,Durango,2019,BDE-091-2019,01-dic-19,Hidrometeorológico,Lluvia severa e inundación fluvial el 28 de noviembre de 2019,CONAGUA,"Canelas, Otáez, Pueblo Nuevo, San Dimas, Tamazula, Tepehuanes y Topia",7,SSPC/SPPPCCP/CNPC/DGPC/00630/2019,9977,9977,09-dic-19,https://www.dof.gob.mx/nota_detalle.php?codigo=5581288&fecha=09/12/2019#gsc.tab=0,Coordinación Estatal de Protección Civil,BDE-096-2019,11-dic-19,19-dic-19,https://www.dof.gob.mx/nota_detalle.php?codigo=5582351&fecha=19/12/2019#gsc.tab=0,58281,7482,0,0,0,0,0,9977,0,9977,0,0,23354.0,0,0,0,0,2494,4988,0,0,0,0,8,0,0,0,0,0,0,0,0,0,0,0,0,0,0,0,0,0,0,0,0,0,0,0,0,0,0,0.0,0,0,0,0,0,0,0,0,1, $-   ,"$16,099,140.85","$16,099,140.85",
59.0,Sonora,2019,BDE-092-2019,04-dic-19,Hidrometeorológico,"Lluvia severa e inundación fluvial y pluvial los días 27, 28 y 29 de noviembre de 2019",CONAGUA,"Aconchi, Agua Prieta, Álamos, Arivechi, Arizpe, Bacadéhuachi, Bacanora, Bacerac, Bacoachi, Bácum, Banámichi, Baviácora, Bavispe, Benjamín Hill, Cananea, Carbó, Cucurpe, Cumpas, Divisaderos, Fronteras, General Plutarco Elías Calles, Granados, Guaymas, Hermosillo, Huachinera, Huásabas, Huépac, Imuris, Magdalena, Mazatlán, Moctezuma, Naco, Nácori Chico, Nacozari de García, Onavas, Opodepe, Quiriego, Rayón, Sahuaripa, San Felipe de Jesús, San Ignacio Río Muerto, San Javier, San Luis Río Colorado, San Miguel de Horcasitas, San Pedro de la Cueva, Santa Ana, Santa Cruz, Soyopa, Suaqui Grande, Tepache, Trincheras, Ures, Villa Hidalgo, Villa Pesqueira y Yécora",55,SSPC/SPPPCCP/CNPC/DGPC/00648/2019 - SSPC/SPPPCCP/CNPC/DGPC/00684/2019,6808,6808,12-dic-19,https://www.dof.gob.mx/nota_detalle.php?codigo=5581688&fecha=12/12/2019#gsc.tab=0,Coordinación Estatal de Protección Civil,BDE-101-2019,24-dic-19,03-ene-20,https://www.dof.gob.mx/nota_detalle.php?codigo=5583409&fecha=03/01/2020#gsc.tab=0,320565,5732,0,0,0,0,0,6808,0,6808,0,0,22126.0,0,0,0,183424,1702,1702,82000,0,3404,3404,50,3404,0,0,0,0,0,0,0,0,0,0,0,0,0,0,0,0,0,0,0,0,0,0,0,0,0,0.0,0,0,0,0,0,0,0,0,1, $-   ,"$22,179,261.61","$22,179,261.61",
60.0,Chihuahua,2019,BDE-093-2019,04-dic-19,Hidrometeorológico,"Lluvia severa e inundación fluvial y pluvial los días 27, 28 y 29 de noviembre de 2019",CONAGUA,"Bocoyna, Batopilas, Chínipas, Guachochi , Guadalupe y Calvo, Guazapares, Janos, Madera, Maguarichi, Morelos, Moris, Nonoava, Ocampo y Urique.",14,SSPC/SPPPCCP/CNPC/DGPC/00647/2019,6962,6962,12-dic-19,https://www.dof.gob.mx/nota_detalle.php?codigo=5581687&fecha=12/12/2019#gsc.tab=0,Coordinación Estatal de Protección Civil,BDE-098-2019,14-dic-19,23-dic-19,https://www.dof.gob.mx/nota_detalle.php?codigo=5582631&fecha=23/12/2019#gsc.tab=0,42638,5220,0,0,0,0,0,6962,0,6962,0,0,20000.0,0,0,0,0,1740,1740,0,0,0,0,14,0,0,0,0,0,0,0,0,0,0,0,0,0,0,0,0,0,0,0,0,0,0,0,0,0,0,0.0,0,0,0,0,0,0,0,0,0, $-   ,"$12,042,456.48","$12,042,456.48",
61.0,Chiapas,2019,BDE-097-2019,13-dic-19,Hidrometeorológico,Lluvia severa el 11 de diciembre de 2019.,CONAGUA,Ostuacán,1,SSPC/SPPPCCP/CNPC/DGPC/00678/2019,3795,3795,23-dic-19,https://dof.gob.mx/nota_detalle.php?codigo=5582630&fecha=23/12/2019#gsc.tab=0,Coordinación Estatal de Protección Civil,BDE-100-2019,23-dic-19,02-ene-20,https://www.dof.gob.mx/nota_detalle.php?codigo=5583313&fecha=02/01/2020#gsc.tab=0,20963,470,0,0,0,0,0,0,0,1880,0,0,0.0,0,0,0,11280,470,470,0,0,940,940,0,0,0,0,2256,2256,0,0,0,0,0,0,0,0,0,0,0,0,0,0,0,0,0,0,0,0,0,0.0,0,0,0,0,0,0,0,0,1, $-   ,"$10,617,805.01","$10,617,805.01",
62.0,Chiapas,2019,BDE-099-2019,19-dic-19,Hidrometeorológico,Lluvia severa el 18 de diciembre de 2019,CONAGUA,Ocotepec y Sitalá,2,SSPC/SPPPCCP/CNPC/DGPC/00705/2019,2885,2885,30-dic-19,https://www.dof.gob.mx/nota_detalle.php?codigo=5583069&fecha=30/12/2019#gsc.tab=0,Coordinación Estatal de Protección Civil,BDE-102-2019,29-dic-19,07-ene-20,https://www.dof.gob.mx/nota_detalle.php?codigo=5583545&fecha=07/01/2020#gsc.tab=0,31196,687,0,0,0,0,0,2748,0,2748,0,0,0.0,0,0,0,16488,687,687,0,0,1100,1100,0,0,0,0,2475,2475,0,0,0,0,0,0,0,0,0,0,0,0,0,0,0,0,0,0,0,0,0,0.0,0,0,0,0,0,0,0,0,1, $-   ,"$17,521,260.80","$17,521,260.80",
63.0,Oaxaca,2020,BDE-001-2020,07-ene-20,Geológico,Sismo de magnitud 6.0 el 4 de enero de 2020,CENAPRED,"Unión Hidalgo, Santiago Niltepec, Heroica Ciudad de Juchitán de Zaragoza, Santa María Xadani, San Dionisio del Mar, Reforma de Pineda, San Mateo del Mar y Santo Domingo Ingenio.",8,SSPC/SPPPCCP/CNPC/DGPC/00005/2020 - SSPC/SPPPCCP/CNPC/DGPC/00065/2020,2890,2890,15-ene-20,https://www.dof.gob.mx/nota_detalle.php?codigo=5583908&fecha=15/01/2020,Coordinación Estatal de Protección Civil,BDE-007-2020,27-ene-20,05-feb-20,https://www.dof.gob.mx/nota_detalle.php?codigo=5585637&fecha=05/02/2020#gsc.tab=0,59966,1444,0,0,0,0,0,0,2890,2890,0,0,4696.0,0,0,0,46240,722,1083,0,0,0,0,0,0,0,0,0,0,0,0,0,0,0,0,0,0,0,0,0,0,0,0,0,0,0,0,0,0,0,0.0,0,0,0,0,0,0,0,0,1, $-   ,"$13,334,960.70","$13,334,960.70",
64.0,Durango,2020,BDE-002-2020,07-ene-20,Hidrometeorológico,Nevada severa del 31 de diciembre de 2019 al 2 de enero de 2020,CENAPRED,"Canatlán, Canelas, Durango, Guanaceví, Nuevo Ideal, Otáez, Pueblo Nuevo, San Dimas, Santiago Papasquiaro, Tamazula, Tepehuanes y Topia.",12,SSPC/SPPPCCP/CNPC/DGPC/00004/2020,12110,12110,15-ene-20,https://www.dof.gob.mx/nota_detalle.php?codigo=5583907&fecha=15/01/2020#gsc.tab=0,Coordinación Estatal de Protección Civil,BDE-004-2020,17-ene-20,27-ene-20,https://www.dof.gob.mx/nota_detalle.php?codigo=5584827&fecha=27/01/2020#gsc.tab=0,55091,6054,0,0,0,0,0,12110,0,12110,0,0,18750.0,0,0,0,0,3027,3027,0,0,0,0,12,0,0,0,0,0,0,0,0,0,0,0,0,0,0,0,0,0,0,0,0,0,0,0,0,0,0,0.0,0,0,0,0,0,0,0,0,1, $-   ,"$14,285,515.33","$14,285,515.33",
65.0,Chihuahua,2020,BDE-003-2020,09-ene-20,Hidrometeorológico,Helada y nevada severa del 3 al 5 de enero de 2020,CONAGUA,Balleza y Guadalupe y Calvo,2,SSPC/SPPPCCP/CNPC/DGPC/00012/2020,5463,5463,17-ene-20,http://www.dof.gob.mx/nota_detalle.php?codigo=5584215&fecha=17/01/2020,Coordinación Estatal de Protección Civil,BDE-005-2020,19-ene-20,27-ene-20,https://www.dof.gob.mx/nota_detalle.php?codigo=5584826&fecha=27/01/2020,17503,2400,0,0,0,0,0,4800,0,4800,0,0,3100.0,0,0,0,0,1200,1200,0,0,0,0,3,0,0,0,0,0,0,0,0,0,0,0,0,0,0,0,0,0,0,0,0,0,0,0,0,0,0,0.0,0,0,0,0,0,0,0,0,0, $-   ,"$3,856,466.00","$3,856,466.00",
66.0,Oaxaca,2020,BDE-006-2020,22-ene-20,Geológico,Sismo de magnitud 5.3 el 6 de enero de 2020,CENAPRED,San Pedro Comitancillo y Ciudad Ixtepec,2,SSPC/SPPPCCP/CNPC/DGPC/00073/2020,3362,3362,30-ene-20,https://www.dof.gob.mx/nota_detalle.php?codigo=5585164&fecha=30/01/2020,Coordinación Estatal de Protección Civil,BDE-008-2020,01-feb-20,11-feb-20,http://www.dof.gob.mx/nota_detalle.php?codigo=5585979&fecha=11/02/2020,43985,1680,0,0,0,0,0,0,3362,3362,0,0,10926.0,0,0,0,22974,840,840,0,0,0,0,0,0,0,0,0,0,0,0,0,0,0,0,0,0,0,0,0,0,0,0,0,0,0,0,0,0,0,0.0,0,0,0,0,0,0,0,0,1, $-   ,"$7,906,971.09","$7,906,971.09",
67.0,Sonora,2020,BDE-009-2020,14-feb-20,Hidrometeorológico,Helada severa del 5 al 7 de febrero y lluvia severa e inundación pluvial el 10 de febrero de 2020,CONAGUA,"Aconchi, Arizpe, Atil, Bacadéhuachi, Bacerac, Banámichi, Baviácora, Benjamín Hill, Carbó, Cucurpe, Divisaderos, General Plutarco Elías Calles, Granados, Hermosillo, Huachinera, Huásabas, Huépac, Imuris, Magdalena, Mazatán, Moctezuma, Nácori Chico, Opodepe, Rosario, Sahuaripa, San Felipe de Jesús, San Javier, Santa Ana, Santa Cruz, Sáric, Suaqui Grande, Tepache, Trincheras, Tubutama, Villa Pesqueira, Yécora y Puerto Peñasco.",37,SSPC/SPPPCCP/CNPC/DGPC/00163/2020,2483,2483,24-feb-20,https://www.dof.gob.mx/nota_detalle.php?codigo=5587264&fecha=24/02/2020,Coordinación Estatal de Protección Civil,BDE-010-2020,24-feb-20,03-mar-20,https://www.dof.gob.mx/nota_detalle.php?codigo=5588141&fecha=03/03/2020,66418,1860,0,0,0,0,0,2483,0,2483,0,0,0.0,0,0,0,59592,0,0,0,0,0,0,0,0,0,0,0,0,0,0,0,0,0,0,0,0,0,0,0,0,0,0,0,0,0,0,0,0,0,0.0,0,0,0,0,0,0,0,0,0, $-   ,"$1,870,902.16","$1,870,902.16",
68.0,Baja California Sur,2020,BDE-011-2020,14-mar-20,Hidrometeorológico,Lluvia severa e inundación pluvial el 12 y 13 de marzo de 2020,CONAGUA,Mulegé,1,SSPC/SPPPCCP/CNPC/DGPC/00304/2020,1336,1336,24-mar-20,http://www.dof.gob.mx/nota_detalle.php?codigo=5590169&fecha=24/03/2020#gsc.tab=0,Coordinación Estatal de Protección Civil,BDE-013-2020,24-mar-20,01-abr-20,https://www.dof.gob.mx/nota_detalle.php?codigo=5590920&fecha=01/04/2020,41377,1002,0,0,0,0,0,0,1336,1336,0,0,4342.0,0,0,0,10688,334,668,20000,0,668,668,0,0,0,0,0,0,0,0,0,0,334,0,0,0,0,0,0,0,0,0,0,0,0,0,0,0,0,0.0,0,0,0,0,0,0,0,0,1, $-   ,"$5,469,572.07","$5,469,572.07",
69.0,Sonora,2020,BDE-012-2020,23-mar-20,Hidrometeorológico,Lluvia severa e inundación fluvial del 12 al 20 de marzo de 2020,CONAGUA,"Bacadéhuachi, Bacerac, Bavispe, Granados, Huachinera, Huásabas, Nácori Chico y Villa Hidalgo.",8,SSPC/SPPPCCP/CNPC/DGPC/00330/2020,3546,3546,31-mar-20,https://www.dof.gob.mx/nota_detalle.php?codigo=5590750&fecha=31/03/2020,Coordinación Estatal de Protección Civil,BDE-015-2020,02-abr-20,10-abr-20,https://www.dof.gob.mx/nota_detalle.php?codigo=5591485&fecha=10/04/2020,142706,2400,0,0,0,0,0,0,3545,3545,0,0,8000.0,0,0,0,42000,800,1600,80000,0,400,400,16,0,0,0,0,0,0,0,0,0,0,0,0,0,0,0,0,0,0,0,0,0,0,0,0,0,0,0.0,0,0,0,0,0,0,0,0,0, $-   ,"$5,765,745.80","$5,765,745.80",
70.0,Oaxaca,2020,BDE-014-2020,30-mar-20,Incendio Forestal,Incendio forestal del 20 al 25 de marzo de 2020,CONAFOR,Santa María Jaltianguis y Villa Sola de Vega,2,SSPC/SPPPCCP/CNPC/DGPC/00361/2020 - SSPC/SPPPCCP/CNPC/DGPC/00383/2020,862,862,07-abr-20,https://www.dof.gob.mx/nota_detalle.php?codigo=5591238&fecha=07/04/2020,Coordinación Estatal de Protección Civil,BDE-019-2020,19-abr-20,27-abr-20,https://www.dof.gob.mx/nota_detalle.php?codigo=5592285&fecha=27/04/2020,19592,516,0,0,0,0,0,0,0,0,0,0,855.0,0,0,0,15383,215,473,0,0,0,0,0,0,0,0,0,0,0,0,0,0,215,215,0,215,215,0,215,215,0,0,215,0,215,430,0,0,0,0.0,0,0,0,0,0,0,0,0,0, $-   ,"$633,039.08","$633,039.08",
71.0,Oaxaca,2020,BDE-016-2020,06-abr-20,Incendio Forestal,Incendio forestal del 31 de marzo al 1 de abril de 2020,CONAFOR,San Pedro y San Pablo Ayutla,1,SSPC/SPPPCCP/CNPC/DGPC/00365/2020,133,133,14-abr-20,http://www.dof.gob.mx/nota_detalle.php?codigo=5591572&fecha=14/04/2020,Coordinación Estatal de Protección Civil,BDE-017-2020,16-abr-20,24-abr-20,https://www.dof.gob.mx/nota_detalle.php?codigo=5592208&fecha=24/04/2020,2196,66,0,0,0,0,0,0,0,0,0,0,0.0,0,0,0,1800,33,33,0,0,0,0,0,0,0,0,0,0,0,0,0,0,33,33,0,0,0,0,33,33,0,0,33,0,33,66,0,0,0,0.0,0,0,0,0,0,0,0,0,0, $-   ,"$47,861.38","$47,861.38",
72.0,Oaxaca,2020,BDE-018-2020,16-abr-20,Incendio Forestal,Incendio forestal del 1 al 12 de abril de 2020,CONAFOR,"San Lorenzo Texmelúcan, San Miguel Quetzaltepec, Santiago Juxtlahuaca, Santos Reyes Pápalo y Santos Reyes Tepejillo",5,SSPC/SPPPCCP/CNPC/DGPC/00395/2020 - SSPC/SPPPCCP/CNPC/DGPC/00714/2020,545,545,24-abr-20,https://www.dof.gob.mx/nota_detalle.php?codigo=5592207&fecha=24/04/2020,Coordinación Estatal de Protección Civil,BDE-020-2020,06-may-20,14-may-20,https://www.dof.gob.mx/nota_detalle.php?codigo=5593305&fecha=14/05/2020#gsc.tab=0,6971,272,0,0,0,0,0,0,0,0,0,0,1771.0,0,0,0,3023,136,136,0,0,0,0,0,272,0,0,0,0,0,0,0,0,136,136,0,0,136,0,0,136,136,136,136,0,136,272,0,0,0,0.0,0,0,0,0,0,0,0,0,1, $-   ,"$5,848,701.65","$5,848,701.65",
73.0,Veracruz,2020,BDE-021-2020,26-may-20,Hidrometeorológico,Lluvia severa y vientos fuertes los días 22 y 23 de mayo de 2020,CONAGUA,"Chontla, Citlaltépetl, El Higo, Pánuco, Pueblo Viejo, Tamalín, Tampico el Alto, Tantima, Tempoal y Ozuluama de Mascareñas.",10,SSPC/SPPPCCP/CNPC/DGPC/00475/2020,2168,2168,03-jun-20,https://www.dof.gob.mx/nota_detalle.php?codigo=5594365&fecha=03/06/2020,Coordinación Estatal de Protección Civil,BDE-023-2020,05-jun-20,15-jun-20,https://www.dof.gob.mx/nota_detalle.php?codigo=5594971&fecha=15/06/2020#gsc.tab=0,43902,1084,0,0,0,0,0,0,0,0,0,0,7046.0,0,0,0,34688,542,542,0,0,0,0,0,0,0,0,0,0,0,0,0,0,0,0,0,0,0,0,0,0,0,0,0,0,0,0,0,0,0,0.0,0,0,0,0,0,0,0,0,0, $-   ,"$2,646,911.20","$2,646,911.20",
74.0,Chiapas,2020,BDE-022-2020,02-jun-20,Hidrometeorológico,Lluvia severa los días 29 y 30 de mayo de 2020 (T.T- Amanda),CONAGUA,Ostoacán y Pichucalco,2,SSPC/SPPPCCP/CNPC/DGPC/00498/2020,440,440,10-jun-20,https://www.dof.gob.mx/nota_detalle.php?codigo=5594774&fecha=10/06/2020#gsc.tab=0,Coordinación Estatal de Protección Civil,BDE-031-2020,12-jun-20,22-jun-20,https://www.dof.gob.mx/nota_detalle.php?codigo=5595285&fecha=22/06/2020#gsc.tab=0,7832,110,0,0,0,0,0,0,440,440,0,0,0.0,0,0,0,3520,110,110,0,0,220,220,0,0,1408,0,352,351,0,0,0,0,0,110,0,0,110,0,110,0,0,110,110,0,0,0,0,0,0,0.0,0,0,0,0,0,0,0,0,1, $-   ,"$15,571,875.98","$15,571,875.98",
75.0,Chiapas,2020,BDE-024-2020,05-jun-20,Hidrometeorológico,Lluvia severa el 3 de junio de 2020 (T.T. Cristóbal),CONAGUA,"Acapetahua, Bochil, Chicoasén, Mapastepec, Mezcalapa, Ocotepec, San Cristóbal de las Casas, Tapilula y Tuxtla Gutiérrez,",9,SSPC/SPPPCCP/CNPC/DGPC/00506/2020,5071,5071,15-jun-20,https://www.dof.gob.mx/nota_detalle.php?codigo=5594967&fecha=15/06/2020#gsc.tab=0,Coordinación Estatal de Protección Civil,BDE-032-2020,15-jun-20,23-jun-20,https://www.dof.gob.mx/nota_detalle.php?codigo=5595305&fecha=23/06/2020#gsc.tab=0,102428,1267,0,0,0,0,0,0,5071,5071,0,0,0.0,0,0,0,40568,1267,1267,0,0,2535,2535,0,0,16227,0,10142,10142,0,0,0,0,0,1267,0,0,1267,0,1267,0,0,1267,1267,0,0,0,0,0,0,0.0,0,0,0,0,0,0,0,0,1, $-   ,"$85,930,497.03","$85,930,497.03",
76.0,Quintana Roo,2020,BDE-025-2020,06-jun-20,Hidrometeorológico,Lluvia severa e inundación pluvial del 3 al 5 de junio de 2020 (T.T. Cristóbal),CONAGUA,"Bacalar, Felipe Carrillo Puerto, Othón P. Blanco y José María Morelos",4,SSPC/SPPPCCP/CNPC/DGPC/00508/2020,6045,6045,15-jun-20,http://www.dof.gob.mx/nota_detalle.php?codigo=5594968&fecha=15/06/2020#gsc.tab=0,Coordinación Estatal de Protección Civil,BDE-033-2020,16-jun-20,24-jun-20,http://www.dof.gob.mx/nota_detalle.php?codigo=5595472&fecha=24/06/2020,137252,4533,0,0,0,0,0,0,6045,6045,0,0,19646.0,0,0,0,68360,1511,1511,0,0,3022,3022,0,1000,3000,0,2000,2000,2000,2000,2000,2000,1511,0,0,0,0,0,0,0,0,0,0,0,0,6045,0,0,0,0.0,0,0,0,0,0,0,0,0,1, $-   ,"$22,611,823.60","$22,611,823.60",
77.0,Tabasco,2020,BDE-026-2020,06-jun-20,Hidrometeorológico,Lluvia severa e inundación pluvial del 3 al 5 de junio de 2020 (T.T. Cristóbal),CONAGUA,Balancán,1,SSPC/SPPPCCP/CNPC/DGPC/00507/2020,8000,8000,15-jun-20,http://dof.gob.mx/nota_detalle.php?codigo=5594969&fecha=15/06/2020#gsc.tab=0,Coordinación Estatal de Protección Civil,BDE-034-2020,16-jun-20,24-jun-20,http://dof.gob.mx/nota_detalle.php?codigo=5595473&fecha=24/06/2020#gsc.tab=0,51156,2000,0,0,0,0,0,0,8000,8000,0,0,0.0,0,0,0,28925,2000,2000,0,0,0,0,0,0,0,0,0,0,0,0,0,0,0,50,0,0,50,0,30,0,0,50,50,0,0,0,0,0,0,0.0,0,0,0,0,0,0,0,0,1, $-   ,"$7,985,373.87","$7,985,373.87",
78.0,Yucatán,2020,BDE-027-2020,07-jun-20,Hidrometeorológico,Lluvia severa e inundación pluvial del 31 de mayo al 4 de junio de 2020 (T.T. Cristóbal),CONAGUA,"Akil, Chacsinkín, Dzilam de Bravo, Hunucmá, Maxcanú, Muna, Progreso, Santa Elena, Tahdziú, Tekax, Tecoh, Tetiz, Ticul, Tzucacab, Valladolid, Yaxcabá, Celestún, Chocholá, Halachó, Kinchil, Kopomá, Opichén, Peto, Samahil, Telchac Puerto y Ucú.",26,SSPC/SPPPCCP/CNPC/DGPC/00509/2020 - SSPC/SPPPCCP/CNPC/DGPC/00536/2020 - SSPC/SPPPCCP/CNPC/DGPC/00551/2020 - SSPC/SPPPCCP/CNPC/DGPC/00586/2020,48060,48060,15-jun-20,http://dof.gob.mx/nota_detalle.php?codigo=5594970&fecha=15/06/2020#gsc.tab=0,Coordinación Estatal de Protección Civil,BDE-052-2020,17-jul-20,27-jul-20,http://dof.gob.mx/nota_detalle.php?codigo=5597307&fecha=27/07/2020#gsc.tab=0,1244307,38039,0,0,0,0,0,0,48060,48060,0,0,132426.0,0,0,0,448464,12015,19186,100000,0,24000,24000,0,0,205805,0,13353,0,24719,0,21322,56857,0,1000,0,0,1000,0,1000,0,0,0,1000,0,0,24000,0,0,0,0.0,0,0,0,0,0,0,0,0,1, $-   ,"$116,670,502.88","$116,670,502.88",
79.0,Campeche,2020,BDE-028-2020,08-jun-20,Hidrometeorológico,Lluvia severa del 30 de mayo al 5 de junio de 2020 (T.T. Cristóbal),CONAGUA,"Calakmul, Calkiní, Campeche, Candelaria, Carmen, Champotón, Escárcega, Hecelchakán, Hopelchén, Palizada y Tenabo.",11,SSPC/SPPPCCP/CNPC/DGPC/00512/2020,28484,28484,16-jun-20,http://www.dof.gob.mx/nota_detalle.php?codigo=5595026&fecha=16/06/2020,Coordinación Estatal de Protección Civil,BDE-037-2020,18-jun-20,26-jun-20,http://www.dof.gob.mx/nota_detalle.php?codigo=5595653&fecha=26/06/2020,263706,21363,0,0,0,0,0,0,5000,5000,0,0,3000.0,0,0,0,100000,7121,7121,100000,0,2000,3600,0,1000,0,0,0,0,0,0,0,0,500,0,0,0,2500,0,0,500,0,0,0,0,0,5000,0,0,0,0.0,0,0,0,0,0,0,0,0,1, $-   ,"$27,861,400.86","$27,861,400.86",
80.0,Chiapas,2020,BDE-029-2020,09-jun-20,Hidrometeorológico,Lluvia severa e inundación fluvial y pluvial del 3 al 5 de junio de 2020 (T.T. Cristóbal),CONAGUA,"Coapilla, Tapalapa, Teopisca, Villa Comaltitlán, Zinacantán, Berriozábal, Copainalá, Tecpatán, Chiapilla, Huehuetán, La Trinitaria, Las Rosas, Socoltenango, Tzimol, Venustiano Carranza; Amatenango del Valle, Chamula, Francisco León, Pantepec, Tapilula y Huixtla.",21,SSPC/SPPPCCP/CNPC/DGPC/00514/2020,27718,27718,17-jun-20,http://dof.gob.mx/nota_detalle.php?codigo=5595125&fecha=17/06/2020#gsc.tab=0,Coordinación Estatal de Protección Civil,BDE-038-2020,19-jun-20,29-jun-20,http://dof.gob.mx/nota_detalle.php?codigo=5595735&fecha=29/06/2020,401752,6929,0,0,0,0,0,0,27718,27718,0,0,85690.0,0,0,0,137100,6929,6929,0,0,13859,13859,0,0,16452,0,13861,13857,0,0,0,0,0,6170,0,0,6170,0,6170,0,0,6170,6170,0,0,0,0,0,0,0.0,0,0,0,0,0,0,0,0,1, $-   ,"$150,598,707.41","$150,598,707.41",
81.0,Yucatán,2020,BDE-030-2020,11-jun-20,Hidrometeorológico,Lluvia severa e inundación pluvial del 1 al 7 de junio de 2020 (T.T. Cristóbal),CONAGUA,"Baca, Bokobá, Buctzotz, Cacalchén, Cansahcab, Chankom, Dzemul, Dzidzantún, Dzilam González, Dzitás, Homún, Ixil, Kaua, Mocochá, Motul, Oxkutzcab, Quintana Roo, Sotuta, Tahmek, Tekantó, Tekom, Telchac Pueblo, Temax, Tinum, Tixmehuac, Uayma, Xocchel, Yaxkukul, Yobaín, Chikindzonot, Espita, Kantunil, Río Lagartos, San Felipe, Sinanché, Tepakán, Tixcacalcupul y Panabá.",38,SSPC/SPPPCCP/CNPC/DGPC/00521/2020 - SSPC/SPPPCCP/CNPC/DGPC/00542/2020 - SSPC/SPPPCCP/CNPC/DGPC/00561/2020,56000,56000,19-jun-20,http://www.dof.gob.mx/nota_detalle.php?codigo=5595252&fecha=19/06/2020#gsc.tab=0,Coordinación Estatal de Protección Civil,BDE-048-2020,11-jul-20,20-jul-20,https://www.dof.gob.mx/nota_detalle.php?codigo=5596966&fecha=20/07/2020#gsc.tab=0,1691230,54827,0,0,0,0,0,0,56000,0,0,0,43818.0,0,0,0,1082464,14000,34342,58424,0,28000,28000,0,0,133651,0,29680,0,17664,0,17525,32834,0,1000,0,0,1000,0,1000,0,0,0,1000,0,0,56000,0,0,0,0.0,0,0,0,0,0,0,0,0,1, $-   ,"$96,266,967.80","$96,266,967.80",
82.0,Veracruz,2020,BDE-035-2020,17-jun-20,Hidrometeorológico,Lluvia severa e inundación fluvial y pluvial del 10 al 14 de junio de 2020,CONAGUA,"Agua dulce,Chontla, Citlaltépetl y Tantima",4,SSPC/SPPPCCP/CNPC/DGPC/00534/2020,5085,5085,25-jun-20,https://www.dof.gob.mx/nota_detalle.php?codigo=5595532&fecha=25/06/2020#gsc.tab=0,Coordinación Estatal de Protección Civil,BDE-041-2020,27-jun-20,06-jul-20,https://dof.gob.mx/nota_detalle.php?codigo=5596188&fecha=06/07/2020#gsc.tab=0,25915,1271,0,0,0,0,0,0,5085,5085,0,0,0.0,0,0,0,4732,1271,1271,7200,0,0,0,0,0,0,0,0,0,0,0,0,0,0,0,0,0,0,0,0,0,0,0,0,0,0,0,0,0,0,0.0,0,0,0,0,0,0,0,0,0, $-   ,"$2,053,523.35","$2,053,523.35",
83.0,Oaxaca,2020,BDE-036-2020,17-jun-20,Hidrometeorológico,Lluvia severa el 11 de junio de 2020,CONAGUA,San Juan Bautista Valle Nacional,1,SSPC/SPPPCCP/CNPC/DGPC/00533/2020,900,900,25-jun-20,https://www.dof.gob.mx/nota_detalle.php?codigo=5595531&fecha=25/06/2020#gsc.tab=0,Coordinación Estatal de Protección Civil,BDE-042-2020,27-jun-20,06-jul-20,https://www.dof.gob.mx/nota_detalle.php?codigo=5596187&fecha=06/07/2020,20026,450,0,0,0,0,0,0,900,900,0,0,2925.0,0,0,0,14400,225,225,0,0,0,0,0,0,0,0,0,0,0,0,0,0,0,0,0,0,0,0,0,0,0,0,0,0,0,0,0,0,0,0.0,0,0,0,0,0,0,0,0,1, $-   ,"$1,628,385.00","$1,628,385.00",
84.0,Oaxaca,2020,BDE-039-2020,25-jun-20,Geológico,Sismo de magnitud 7.4,CENAPRED,"Candelaria Loxicha, Cuilápam de Guerrero, El Espinal, Gelatao de Júarez, Guevea de Humboldt, Heroica Ciudad de Juchitán de Zaragoza, Miahuatlán de Porfirio Díaz, Nazareno Etla, Oaxaca de Juárez, Pluma Hidalgo, San Agustín Loxicha, San Andrés Solaga, San Antonio de la Cal, San Baltazar Loxicha, San Bartolomé Ayautla, San Carlos Yautepec, San Francisco Ozolotepec, San Francisco Sola, San Gabriel Mixtepec, San Jerónimo Tlacochahuaya, San Juan Chicomezúchil, San Juan Lachao, San Juan Ozolotepec, San Lorenzo Texmelúcan, San Lucas Camotlán, San Marcial Ozolotepec, San Mateo Piñas, San Miguel Amatlán, San Miguel del Puerto, San Miguel del Río, San Miguel Tenango, San Pablo Coatlán, San Pablo Etla, San Pedro Huamelula, San Pedro Mixtepec DTO 22, San Pedro Pochutla, San Raymundo Jalpan, San Sebastián Teitipac, San Sebastián Tutla, Santa Ana Tavela, Santa Ana Yareni, Santa Catarina Ixtepeji, Santa Catarina Juquila, Santa Catarina Loxicha, Santa Catarina Quioquitani, Santa Cruz Xoxocotlán, Santa Lucía del Camino, Santa María Atzompa, Santa María Colotepec, Santa María Ecatepec, Santa María Guienagati, Santa María Huatulco, Santa María Mixtequilla, Santa María Ozolotepec, Santa María Quiegolani, Santa María Tonameca, Santa María Totolapilla, Santa María Yavesía, Santiago Matatlán, Santiago Xanica, Santiago Yaitepec, Santo Domingo de Morelos, Santo Domingo Ozolotepec, Santo Domingo Tehuantepec, Santo Domingo Tepuxtepec, Santo Domingo Xagacía, Santos Reyes Nopala, Tlacolula de Matamoros, Tlalixtac de Cabrera, Villa de Etla, Villa de Zaachila y Villa Sola de Vega.",72,SSPC/SPPPCCP/CNPC/DGPC/00548/2020 - SSPC/SPPPCCP/CNPC/DGPC/00556/2020 - SSPC/SPPPCCP/CNPC/DGPC/00571/2020 - SSPC/SPPPCCP/CNPC/DGPC/00627/2020,26125,26125,03-jul-20,https://www.dof.gob.mx/nota_detalle.php?codigo=5596132&fecha=03/07/2020#gsc.tab=0,Coordinación Estatal de Protección Civil,BDE-058-2020,25-jul-20,03-ago-20,http://dof.gob.mx/nota_detalle.php?codigo=5597669&fecha=03/08/2020#gsc.tab=0,854681,20196,0,0,0,0,0,0,26216,26216,0,0,84906.0,0,0,0,646376,6554,10300,0,0,0,0,0,0,0,0,0,0,0,0,0,0,0,2200,0,0,0,0,1100,0,2200,0,2200,0,0,26216,0,0,0,0.0,0,0,0,0,0,0,0,0,1, $-   ,"$135,962,300.93","$135,962,300.93",
85.0,Veracruz,2020,BDE-040-2020,26-jun-20,Hidrometeorológico,Lluvia severa e inundación pluvial el 24 de junio de 2020,CONAGUA,Tlalnelhuayocan y Xalapa,2,SSPC/SPPPCCP/CNPC/DGPC/00549/2020,3891,3891,06-jul-20,https://www.dof.gob.mx/nota_detalle.php?codigo=5596186&fecha=06/07/2020#gsc.tab=0,Coordinación Estatal de Protección Civil,BDE-046-2020,06-jul-20,14-jul-20,https://www.dof.gob.mx/nota_detalle.php?codigo=5596645&fecha=14/07/2020#gsc.tab=0,68135,972,0,0,0,0,0,0,3891,3891,0,0,12645.0,0,0,0,17792,972,972,27000,0,0,0,0,0,0,0,0,0,0,0,0,0,0,0,0,0,0,0,0,0,0,0,0,0,0,0,0,0,0,0.0,0,0,0,0,0,0,0,0,0, $-   ,"$5,483,465.01","$5,483,465.01",
86.0,Oaxaca,2020,BDE-043-2020,29-jun-20,Geológico,Sismo de magnitud 7.4,CENAPRED,"San Juan Quiahije, Villa Hidalgo, Santiago Laollaga, Asunción Cacalotepec, Santa Catarina Lachatao, Nejapa de Madero, Santa Cruz Papalutla, San Juan Teitipac, San Juan Lajarcia, San Jerónimo Coatlán, Asunción Tlacolulita, San Luis Amatlán, San Bartolomé Loxicha, San Cristóbal Amatlán y Santiago Astata.",15,SSPC/SPPPCCP/CNPC/DGPC/00555/2020 - SSPC/SPPPCCP/CNPC/DGPC/00610/2020,4538,4538,07-jul-20,https://www.dof.gob.mx/nota_detalle.php?codigo=5596225&fecha=07/07/2020#gsc.tab=0,Coordinación Estatal de Protección Civil,BDE-054-2020,19-jul-20,27-jul-20,https://www.dof.gob.mx/nota_detalle.php?codigo=5597306&fecha=27/07/2020#gsc.tab=0,82705,2602,0,0,0,0,0,0,4538,4538,0,0,10605.0,0,0,0,48912,1134,1301,0,0,0,0,0,0,0,0,0,0,0,0,0,0,0,1134,0,0,0,0,1134,0,1134,0,1134,0,0,4538,0,0,0,0.0,0,0,0,0,0,0,0,0,1, $-   ,"$15,137,223.24","$15,137,223.24",
87.0,Chiapas,2020,BDE-044-2020,30-jun-20,Hidrometeorológico,Lluvia severa los días 24 y 25 de junio de 2020,CENAPRED,"Benemérito de las Américas, Maravilla Tenejapa, Acapetahua y Escuintla",4,SSPC/SPPPCCP/CNPC/DGPC/00557/2020,822,822,08-jul-20,https://www.dof.gob.mx/nota_detalle.php?codigo=5596365&fecha=08/07/2020#gsc.tab=0,Coordinación Estatal de Protección Civil,BDE-047-2020,10-jul-20,20-jul-20,http://dof.gob.mx/nota_detalle.php?codigo=5596965&fecha=20/07/2020#gsc.tab=0,15738,205,0,0,0,0,0,0,822,822,0,0,0.0,0,0,0,6576,205,205,0,0,411,411,0,0,1768,0,1644,1644,0,0,0,0,0,205,0,0,205,0,205,0,0,205,205,0,0,0,0,0,0,0.0,0,0,0,0,0,0,0,0,0, $-   ,"$529,766.42","$529,766.42",
88.0,Oaxaca,2020,BDE-045-2020,02-jul-20,Geológico,Sismo de magnitud de 7.4,CENAPRED,"Natividad, Ixtlán de Juárez, San Pablo Huitzo, Magdalena Apasco, Santiago Lachiguiri, Santa María Tepantlali, San Lorenzo Cacaotepec, San Pablo Huixtepec, San Ildefonso Amatlán y San Miguel Suchixtepec.",10,SSPC/SPPPCCP/CNPC/DGPC/00567/2020 - SSPC/SPPPCCP/CNPC/DGPC/00620/2020,1617,1617,10-jul-20,http://www.dof.gob.mx/nota_detalle.php?codigo=5596553&fecha=10/07/2020,Coordinación Estatal de Protección Civil,BDE-056-2020,22-jul-20,30-jul-20,http://dof.gob.mx/nota_detalle.php?codigo=5597490&fecha=30/07/2020#gsc.tab=0,49223,1102,0,0,0,0,0,0,1617,1617,0,0,5255.0,0,0,0,35296,404,698,0,0,0,0,0,0,0,0,0,0,0,0,0,0,0,404,0,0,0,0,404,0,404,0,404,0,0,1617,0,0,0,0.0,0,0,0,0,0,0,0,0,1, $-   ,"$3,600,515.18","$3,600,515.18",
89.0,Oaxaca,2020,BDE-049-2020,15-jul-20,Hidrometeorológico,Lluvia severa el 11 de julio de 2020,CONAGUA,"Eloxochitlán de las Flores Magón, Huautla de Jiménez, Mazatlán Villa de Flores, San Jerónimo Tecóatl, San Lucas Zoquiápam y San Mateo Yoloxochitlán.",6,SSPC/SPPPCCP/CNPC/DGPC/00628/2020,853,853,23-jul-20,https://www.dof.gob.mx/nota_detalle.php?codigo=5597169&fecha=23/07/2020#gsc.tab=0,Coordinación Estatal de Protección Civil,BDE-057-2020,25-jul-20,03-ago-20,http://dof.gob.mx/nota_detalle.php?codigo=5597668&fecha=03/08/2020,20684,426,0,0,0,0,0,0,853,853,0,0,2772.0,0,0,0,13648,213,213,0,0,0,0,0,0,0,0,0,0,0,0,0,0,0,213,0,0,0,0,213,0,213,0,213,0,0,853,0,0,0,0.0,0,0,0,0,0,0,0,0,1, $-   ,"$2,802,179.91","$2,802,179.91",
90.0,Zacatecas,2020,BDE-050-2020,16-jul-20,Hidrometeorológico,Granizada severa el 14 de julio de 2020,CONAGUA,Calera,1,SSPC/SPPPCCP/CNPC/DGPC/00631/2020,556,556,24-jul-20,https://www.dof.gob.mx/nota_detalle.php?codigo=5597255&fecha=24/07/2020,Coordinación Estatal de Protección Civil,BDE-059-2020,26-jul-20,03-ago-20,http://dof.gob.mx/nota_detalle.php?codigo=5597670&fecha=03/08/2020,3896,278,0,0,0,0,0,556,0,556,0,0,1807.0,0,0,0,0,139,0,0,0,0,0,4,0,0,0,0,0,0,0,0,0,0,0,0,0,0,0,0,0,0,0,0,0,0,556,0,0,0,0.0,0,0,0,0,0,0,0,0,0, $-   ,"$854,978.04","$854,978.04",
91.0,Durango,2020,BDE-051-2020,16-jul-20,Hidrometeorológico,"Granizada severa e inundación pluvial y fluvial los días 7, 8 y 9 de julio de 2020",CONAGUA,"Pueblo Nuevo, Otáez, Tepehuanes y Vicente Guerrero.",4,SSPC/SPPPCCP/CNPC/DGPC/00632/2020,955,955,24-jul-20,https://www.dof.gob.mx/nota_detalle.php?codigo=5597254&fecha=24/07/2020#gsc.tab=0,Coordinación Estatal de Protección Civil,BDE-060-2020,26-jul-20,03-ago-20,http://dof.gob.mx/nota_detalle.php?codigo=5597667&fecha=03/08/2020,5727,238,0,0,0,0,0,0,955,955,0,0,3103.0,0,0,0,0,238,238,0,0,0,0,0,0,0,0,0,0,0,0,0,0,0,0,0,0,0,0,0,0,0,0,0,0,0,0,0,0,0,0.0,0,0,0,0,0,0,0,0,0, $-   ,"$1,291,969.12","$1,291,969.12",
92.0,Chiapas,2020,BDE-053-2020,18-jul-20,Hidrometeorológico,Tornado y vientos fuertes el 15 de julio de 2020,CONAGUA,Tuxtla Gutiérrez,1,SSPC/SPPPCCP/CNPC/DGPC/00637/2020,1329,1329,27-jul-20,https://www.dof.gob.mx/nota_detalle.php?codigo=5597305&fecha=27/07/2020#gsc.tab=0,Coordinación Estatal de Protección Civil,BDE-062-2020,28-jul-20,05-ago-20,http://dof.gob.mx/nota_detalle.php?codigo=5597861&fecha=05/08/2020,41587,664,0,0,0,0,0,0,1329,1329,0,0,3780.0,0,0,0,21264,332,332,0,0,664,664,0,0,4252,0,2658,2658,0,0,0,0,0,332,0,0,332,0,332,0,0,332,332,0,0,0,0,0,0,0.0,0,0,0,0,0,0,0,0,1, $-   ,"$40,657,694.63","$40,657,694.63",
93.0,Oaxaca,2020,BDE-055-2020,21-jul-20,Geológico,Movimiento de ladera los días 11 y 12 de julio de 2020,CENAPRED,"Huautepec, San Andrés Teotilálpam, San José Tenango, San Juan Coatzóspam, San Juan Tepeuxila, Santa Ana Ateixtlahuaca, Santa María la Asunción y Santa María Teopoxco",8,SSPC/SPPPCCP/CNPC/DGPC/00643/2020,555,555,29-jul-20,http://dof.gob.mx/nota_detalle.php?codigo=5597445&fecha=29/07/2020,Coordinación Estatal de Protección Civil,BDE-068-2020,31-jul-20,10-ago-20,http://dof.gob.mx/nota_detalle.php?codigo=5598049&fecha=10/08/2020,18169,414,0,0,0,0,0,555,0,555,0,0,1803.0,0,0,0,13320,138,276,0,0,0,0,0,0,0,0,0,0,0,0,0,0,0,138,0,0,0,0,138,0,138,0,138,0,0,555,0,0,0,0.0,0,0,0,0,0,0,0,0,1, $-   ,"$9,633,570.76","$9,633,570.76",
94.0,Coahuila,2020,BDE-061-2020,27-jul-20,Hidrometeorológico,Lluvia severa el 22 de julio de 2020,CONAGUA,San Pedro,1,SSPC/SPPPCCP/CNPC/DGPC/00657/2020,398,398,04-ago-20,https://dof.gob.mx/nota_detalle.php?codigo=5597709&fecha=04/08/2020,Coordinación Estatal de Protección Civil,BDE-071-2020,06-ago-20,14-ago-20,http://dof.gob.mx/nota_detalle.php?codigo=5598388&fecha=14/08/2020,1193,198,0,0,0,0,0,0,398,398,0,0,0.0,0,0,0,0,99,99,0,0,0,0,0,0,0,0,0,0,0,0,0,0,0,0,0,0,0,0,0,0,0,0,0,0,0,0,0,0,0,0.0,0,0,0,0,0,0,0,0,1, $-   ,"$2,730,552.26","$2,730,552.26",
95.0,Tamaulipas,2020,BDE-063-2020,29-jul-20,Hidrometeorológico,"Lluvia severa e inundación pluvial los días 25 y 26 de julio de 2020 (Huracán ""Hanna"")",CONAGUA,"Gustavo Díaz Ordaz, Reynosa y Valle Hermoso",3,SSPC/SPPPCCP/CNPC/DGPC/00665/2020,40505,40505,06-ago-20,http://www.dof.gob.mx/nota_detalle.php?codigo=5597907&fecha=06/08/2020#gsc.tab=0,Coordinación Estatal de Protección Civil,BDE-072-2020,08-ago-20,17-ago-20,http://dof.gob.mx/nota_detalle.php?codigo=5598467&fecha=17/08/2020,417865,20252,0,0,0,0,0,0,40505,40505,0,0,10350.0,0,0,0,276000,10126,10126,10000,0,0,0,0,0,0,0,0,0,0,0,0,0,0,0,0,0,0,0,0,0,0,0,0,0,0,0,0,0,0,0.0,0,0,0,0,0,0,0,0,1, $-   ,"$76,884,541.70","$76,884,541.70",
96.0,Coahuila,2020,BDE-064-2020,30-jul-20,Hidrometeorológico,"Lluvia severa el 26 de julio de 2020 (Huracán ""Hanna"")",CONAGUA,Arteaga y Saltillo,2,SSPC/SPPPCCP/CNPC/DGPC/00670/2020,7645,7645,07-ago-20,http://dof.gob.mx/nota_detalle.php?codigo=5598009&fecha=07/08/2020#gsc.tab=0,Coordinación Estatal de Protección Civil,BDE-073-2020,09-ago-20,17-ago-20,http://dof.gob.mx/nota_detalle.php?codigo=5598465&fecha=17/08/2020,20626,1875,0,0,0,0,0,0,7500,7500,0,0,0.0,0,0,0,0,1875,1875,0,0,0,0,0,0,0,0,0,0,0,0,0,0,0,0,0,0,0,0,0,0,0,0,0,0,0,0,0,0,0,0.0,0,0,0,0,0,0,0,0,1, $-   ,"$21,651,050.12","$21,651,050.12",
97.0,Nuevo León,2020,BDE-065-2020,30-jul-20,Hidrometeorológico,"Lluvia severa e inundación pluvial y fluvial del 24 al 27 de julio de 2020 (Huracán ""Hanna"")",CONAGUA,"Abasolo, Allende, Anáhuac, Bustamante, Cadereyta Jiménez, Cerralvo, China, Doctor Coss, Doctor González, El Carmen, Galeana, García, General Bravo, General Escobedo, General Terán, Guadalupe, Hidalgo, Higueras, Hualahuises, Iturbide, Lampazos de Naranjo, Linares, Los Aldamas, Marín, Melchor Ocampo, Mina, Montemorelos, Parás, Rayones, Sabinas Hidalgo, Salinas Victoria, San Pedro Garza García, Santa Catarina, Santiago, Villaldama, Pesquería, San Nicolás de los Garza, Apodaca, Los Herreras, Los Ramones y Monterrey.",41,SSPC/SPPPCCP/CNPC/DGPC/00663/2020,30267,30267,07-ago-20,http://dof.gob.mx/nota_detalle.php?codigo=5598010&fecha=07/08/2020,Coordinación Estatal de Protección Civil,BDE-074-2020,09-ago-20,17-ago-20,http://dof.gob.mx/nota_detalle.php?codigo=5598466&fecha=17/08/2020,12566,7566,0,0,0,0,0,0,0,0,0,0,0.0,0,0,0,0,3000,2000,0,0,0,0,0,0,0,0,0,0,0,0,0,0,0,0,0,0,0,0,0,0,0,0,0,0,0,0,0,0,0,0.0,0,0,0,0,0,0,0,0,0, $-   ,"$3,261,584.00","$3,261,584.00",
98.0,Durango,2020,BDE-066-2020,31-jul-20,Hidrometeorológico,"Lluvia severa e inundación pluvial los días 24, 25, 27 y 28 de julio de 2020 (Huracán ""Hanna"")",CONAGUA,"Mezquital, Poanas, Cuencamé, Durango, Otáez, Pueblo Nuevo, Guadalupe Victoria, Nuevo Ideal y Vicente Guerrero.",9,SSPC/SPPPCCP/CNPC/DGPC/00673/2020,13000,13000,10-ago-20,http://dof.gob.mx/nota_detalle.php?codigo=5598047&fecha=10/08/2020#gsc.tab=0,Coordinación Estatal de Protección Civil,BDE-075-2020,10-ago-20,18-ago-20,http://dof.gob.mx/nota_detalle.php?codigo=5598512&fecha=18/08/2020#gsc.tab=0,71467,9750,0,0,0,0,0,0,13000,13000,0,0,12954.0,0,0,0,0,3250,6500,0,0,0,0,12,0,0,0,0,0,0,0,0,0,0,0,0,0,0,0,0,0,0,0,0,0,0,13000,0,0,0,0.0,0,0,0,0,0,0,0,0,1, $-   ,"$30,976,136.31","$30,976,136.31",
99.0,Zacatecas,2020,BDE-067-2020,31-jul-20,Hidrometeorológico,"Lluvia severa el 27 de julio de 2020 (Huracán ""Hanna"")",CONAGUA,"Chalchihuites, General Francisco R. Murguía, Jiménez del Teul, Juan Aldama, Miguel Auza, Río Grande, Sain Alto, Sombrerete y Villa de Cos",9,SSPC/SPPPCCP/CNPC/DGPC/00678/2020,3890,3890,10-ago-20,http://dof.gob.mx/nota_detalle.php?codigo=5598048&fecha=10/08/2020,Coordinación Estatal de Protección Civil,BDE-076-2020,10-ago-20,18-ago-20,http://www.dof.gob.mx/nota_detalle.php?codigo=5598513&fecha=18/08/2020#gsc.tab=0,24341,1944,0,0,0,0,0,3890,0,3890,0,0,9737.0,0,0,0,0,972,0,0,0,0,0,18,0,0,0,0,0,0,0,0,0,0,0,0,0,0,0,0,0,0,0,0,0,0,3890,0,0,0,0.0,0,0,0,0,0,0,0,0,0, $-   ,"$5,126,849.08","$5,126,849.08",
100.0,Oaxaca,2020,BDE-069-2020,03-ago-20,Hidrometeorológico,Inundación pluvial el 28 de julio de 2020,CONAGUA,Nazareno Etla,1,SSPC/SPPPCCP/CNPC/DGPC/00683/2020,401,401,11-ago-20,http://dof.gob.mx/nota_detalle.php?codigo=5598085&fecha=11/08/2020,Coordinación Estatal de Protección Civil,BDE-079-2020,13-ago-20,21-ago-20,http://dof.gob.mx/nota_detalle.php?codigo=5598866&fecha=21/08/2020,8169,300,0,0,0,0,0,401,0,401,0,0,1303.0,0,0,0,4662,100,200,0,0,0,0,0,0,0,0,0,0,0,0,0,0,0,100,0,0,0,0,100,0,100,0,100,0,0,401,0,0,0,0.0,0,0,0,0,0,0,0,0,1, $-   ,"$3,466,279.77","$3,466,279.77",
101.0,Durango,2020,BDE-070-2020,05-ago-20,Hidrometeorológico,Lluvia severa e inundación pluvial el 31 de julio de 2020,CONAGUA,"Pánuco de Coronado, Rodeo y Súchil",3,SSPC/SPPPCCP/CNPC/DGPC/00686/2020,1180,1180,13-ago-20,https://dof.gob.mx/nota_detalle.php?codigo=5598268&fecha=13/08/2020#gsc.tab=0,Coordinación Estatal de Protección Civil,BDE-082-2020,15-ago-20,24-ago-20,http://dof.gob.mx/nota_detalle.php?codigo=5598928&fecha=24/08/2020,8564,885,0,0,0,0,0,0,1180,1180,0,0,3250.0,0,0,0,0,295,590,0,0,0,0,3,0,0,0,0,0,0,0,0,0,0,0,0,0,0,0,0,0,0,0,0,0,0,1180,0,0,0,0.0,0,0,0,0,0,0,0,0,1, $-   ,"$7,831,694.58","$7,831,694.58",
102.0,Durango,2020,BDE-077-2020,12-ago-20,Hidrometeorológico,Inundación fluvial el 7 de agosto de 2020,CONAGUA,San Dimas,1,SSPC/SPPPCCP/CNPC/DGPC/00706/2020,0,0,20-ago-20,http://dof.gob.mx/nota_detalle.php?codigo=5598731&fecha=20/08/2020,Coordinación Estatal de Protección Civil,BDE-084-2020,22-ago-20,31-ago-20,http://dof.gob.mx/nota_detalle.php?codigo=5599348&fecha=31/08/2020#gsc.tab=0,0,0,0,0,0,0,0,0,0,0,0,0,0.0,0,0,0,0,0,0,0,0,0,0,0,0,0,0,0,0,0,0,0,0,0,0,0,0,0,0,0,0,0,0,0,0,0,0,0,0,0,0.0,0,0,0,0,0,0,0,0,0, $-   , $-   , $-   ,
103.0,Veracruz,2020,BDE-078-2020,12-ago-20,Hidrometeorológico,Inundación pluvial y movimiento de ladera del 7 al 10 de agosto de 2020,CONAGUA,"Chumatlán, Coyutla, Espinal, Filomeno Mata y Mecatlán",5,SSPC/SPPPCCP/CNPC/DGPC/00702/2020,8211,8211,20-ago-20,http://dof.gob.mx/nota_detalle.php?codigo=5598732&fecha=20/08/2020#gsc.tab=0,Coordinación Estatal de Protección Civil,BDE-085-2020,22-ago-20,31-ago-20,http://dof.gob.mx/nota_detalle.php?codigo=5599349&fecha=31/08/2020#gsc.tab=0,74004,2052,0,0,0,0,0,0,8211,8211,0,0,15198.0,0,0,0,10728,2052,2052,25500,0,0,0,0,0,0,0,0,0,0,0,0,0,0,0,0,0,0,0,0,0,0,0,0,0,0,0,0,0,0,0.0,0,0,0,0,0,0,0,0,0, $-   ,"$7,615,261.70","$7,615,261.70",
104.0,Oaxaca,2020,BDE-080-2020,14-ago-20,Hidrometeorológico,Lluvia severa e inundación pluvial los días 9 y 10 de agosto de 2020,CONAGUA,"San Felipe Usila,San José Chiltepec y Santa María Jacatepec.",3,SSPC/SPPPCCP/CNPC/DGPC/00711/2020,880,880,24-ago-20,http://dof.gob.mx/nota_detalle.php?codigo=5598927&fecha=24/08/2020#gsc.tab=0,Coordinación Estatal de Protección Civil,BDE-086-2020,24-ago-20,01-sep-20,https://www.dof.gob.mx/nota_detalle.php?codigo=5599409&fecha=01/09/2020#gsc.tab=0,29707,660,0,0,0,0,0,0,880,880,0,0,2860.0,0,0,0,21120,220,440,0,0,440,440,6,0,0,0,0,0,0,0,0,0,0,220,0,220,0,0,220,0,0,0,220,0,0,880,0,0,0,0.0,0,0,0,0,0,0,0,0,1, $-   ,"$14,279,057.66","$14,279,057.66",
105.0,Oaxaca,2020,BDE-081-2020,14-ago-20,Hidrometeorológico,Lluvia severa e inundación fluvial y pluvial el 11 de agosto de 2020,CONAGUA,San Andrés Teotilálpam y Villa de Tututepec de Melchor Ocampo,2,SSPC/SPPPCCP/CNPC/DGPC/00720/2020,713,713,24-ago-20,http://dof.gob.mx/nota_detalle.php?codigo=5598926&fecha=24/08/2020#gsc.tab=0,Coordinación Estatal de Protección Civil,BDE-087-2020,24-ago-20,01-sep-20,dof.gob.mx/nota_detalle.php?codigo=5599408&fecha=01/09/2020#gsc.tab=0,18005,356,0,0,0,0,0,0,713,713,0,0,2317.0,0,0,0,11408,178,178,0,0,356,356,4,0,0,0,0,0,0,0,0,0,0,178,0,178,0,0,178,0,0,0,178,0,0,713,0,0,0,0.0,0,0,0,0,0,0,0,0,1, $-   ,"$19,487,812.73","$19,487,812.73",
106.0,Baja California Sur,2020,BDE-083-2020,21-ago-20,Hidrometeorológico,Lluvia severa e inundación pluvial el 19 de agosto de 2020 (Huracán Genevieve),CONAGUA,La Paz y Los Cabos,2,SSPC/SPPPCCP/CNPC/DGPC/00745/2020,3724,3724,31-ago-20,http://dof.gob.mx/nota_detalle.php?codigo=5599347&fecha=31/08/2020#gsc.tab=0,Coordinación Estatal de Protección Civil,BDE-090-2020,31-ago-20,08-sep-20,http://www.dof.gob.mx/nota_detalle.php?codigo=5599850&fecha=08/09/2020#gsc.tab=0,79585,2793,0,0,0,0,0,0,3724,3724,0,0,12103.0,0,0,0,29792,931,1862,20000,0,1862,1862,0,0,0,0,0,0,0,0,0,0,931,0,0,0,0,0,0,0,0,0,0,0,0,0,0,0,0,0.0,0,0,0,0,0,0,0,0,1, $-   ,"$23,831,992.95","$23,831,992.95",
107.0,Oaxaca,2020,BDE-088-2020,27-ago-20,Hidrometeorológico,Inundación pluvial el 20 de agosto de 2020,CONAGUA,San José Chiltepec,1,SSPC/SPPPCCP/CNPC/DGPC/00760/2020,1160,1160,04-sep-20,https://www.dof.gob.mx/nota_detalle.php?codigo=5599725&fecha=04/09/2020,Coordinación Estatal de Protección Civil,BDE-096-2020,06-sep-20,14-sep-20,http://www.dof.gob.mx/nota_detalle.php?codigo=5600392&fecha=14/09/2020,24665,870,0,0,0,0,0,0,1160,1160,0,0,2715.0,0,0,0,14520,290,468,0,0,580,580,2,0,0,0,0,0,0,0,0,0,0,290,0,290,0,0,290,0,0,0,290,0,0,1160,0,0,0,0.0,0,0,0,0,0,0,0,0,0, $-   ,"$1,835,318.60","$1,835,318.60",
108.0,Chiapas,2020,BDE-089-2020,28-ago-20,Hidrometeorológico,Lluvia severa e inundación pluvial y fluvial el 22 de agosto de 2020,CONAGUA,"Acacoyagua, Acapetahua, Escuintla, Mapastepec, Pijijiapan y Venustiano Carranza",6,SSPC/SPPPCCP/CNPC/DGPC/00761/2020,5816,5816,07-sep-20,https://www.dof.gob.mx/nota_detalle.php?codigo=5599787&fecha=07/09/2020#gsc.tab=0,Coordinación Estatal de Protección Civil,BDE-097-2020,07-sep-20,15-sep-20,https://www.dof.gob.mx/nota_detalle.php?codigo=5600447&fecha=15/09/2020#gsc.tab=0,113783,1454,0,0,0,0,0,0,5816,5816,0,0,18902.0,0,0,0,46528,1454,1454,0,0,2908,2908,0,0,6252,0,6512,6508,0,0,0,0,0,1454,0,0,1454,0,1454,0,0,1454,1454,0,0,0,0,0,0,0.0,0,0,0,0,0,0,0,0,1, $-   ,"$32,225,270.88","$32,225,270.88",
109.0,Guerrero,2020,BDE-091-2020,31-ago-20,Hidrometeorológico,Lluvia severa e inundación pluvial y fluvial del 24 al 27 de agosto de 2020 (TT Hernán),CONAGUA,"Azoyú, Coahuayutla de José María Izazaga, Coyuca de Benítez, Iliatenco, La Unión de Isidoro Montes de Oca, Ometepec, Xochistlahuaca, Cuajinicuilapa, Zihuatanejo de Azueta, Atoyac de Álvarez, Benito Juárez, Petatlán, Técpan de Galeana, San Marcos, Ayutla de los Libres y Chilpancingo de los Bravo.",16,SSPC/SPPPCCP/CNPC/DGPC/00766/2020,9901,9901,08-sep-20,http://www.dof.gob.mx/nota_detalle.php?codigo=5599848&fecha=08/09/2020,Coordinación Estatal de Protección Civil,BDE-099-2020,10-sep-20,21-sep-20,http://dof.gob.mx/nota_detalle.php?codigo=5600846&fecha=21/09/2020#gsc.tab=0,532803,7425,0,0,0,0,0,0,9901,9901,0,0,32178.0,0,0,0,158416,2475,2475,105000,0,4950,4950,0,4950,0,0,30303,26514,28407,39771,37878,19884,0,2475,0,0,0,0,2475,0,0,0,2475,0,0,0,0,0,0,0.0,0,0,0,0,0,0,0,0,0, $-   ,"$20,119,664.46","$20,119,664.46",
110.0,Oaxaca,2020,BDE-092-2020,31-ago-20,Hidrometeorológico,Lluvia severa e inundación pluvial del 23 al 25 de agosto de 2020,CONAGUA,"San Dionisio del Mar, Santo Domingo Ingenio, Santiago Niltepec, San Juan Bautista Valle Nacional, San Pedro Huamelula, Santo Domingo Tehuantepec y Santos Reyes Nopala.",7,SSPC/SPPPCCP/CNPC/DGPC/00767/2020,1213,1213,08-sep-20,https://www.dof.gob.mx/nota_detalle.php?codigo=5599849&fecha=08/09/2020,Coordinación Estatal de Protección Civil,BDE-100-2020,10-sep-20,21-sep-20,https://www.dof.gob.mx/nota_detalle.php?codigo=5600847&fecha=21/09/2020,40950,909,0,0,0,0,0,0,1213,1213,0,0,3942.0,0,0,0,29112,303,606,0,0,606,606,14,0,0,0,0,0,0,0,0,0,0,303,0,303,0,0,303,0,0,0,303,0,0,1213,0,0,0,0.0,0,0,0,0,0,0,0,0,1, $-   ,"$17,936,768.76","$17,936,768.76",
111.0,Oaxaca,2020,BDE-093-2020,01-sep-20,Hidrometeorológico,Lluvia severa el 27 de agosto de 2020,CONAGUA,San Juan Quiahije y Villa de Tututepec de Melchor Ocampo,2,SSPC/SPPPCCP/CNPC/DGPC/00768/2020,1005,1005,09-sep-20,http://dof.gob.mx/nota_detalle.php?codigo=5600006&fecha=09/09/2020#gsc.tab=0,Coordinación Estatal de Protección Civil,BDE-101-2020,11-sep-20,22-sep-20,https://www.dof.gob.mx/nota_detalle.php?codigo=5600927&fecha=22/09/2020#gsc.tab=0,25377,502,0,0,0,0,0,0,1005,1005,0,0,3266.0,0,0,0,16080,251,251,0,0,502,502,4,0,0,0,0,0,0,0,0,0,0,251,0,251,0,0,251,0,0,0,251,0,0,1005,0,0,0,0.0,0,0,0,0,0,0,0,0,0, $-   ,"$1,810,981.32","$1,810,981.32",
112.0,Jalisco,2020,BDE-094-2020,02-sep-20,Hidrometeorológico,Lluvia severa y vientos fuertes los días 27 y 28 de agosto de 2020,CONAGUA,"Tomatlán, Cabo Corrientes, Villa Purificación, Casimiro Castillo, Cuautitlán de García Barragán, Cihuatlán y La Huerta",7,SSPC/SPPPCCP/CNPC/DGPC/00770/2020,19958,19958,10-sep-20,https://www.dof.gob.mx/nota_detalle.php?codigo=5600926&fecha=22/09/2020,Coordinación Estatal de Protección Civil,BDE-102-2020,12-sep-20,22-sep-20,https://www.dof.gob.mx/nota_detalle.php?codigo=5600926&fecha=22/09/2020#gsc.tab=0,182632,4989,0,0,0,0,0,0,0,8000,0,0,0.0,0,0,0,159664,4989,4989,0,0,0,0,0,0,0,0,0,0,0,0,0,0,0,0,0,0,0,0,0,0,0,0,0,0,0,0,0,0,0,0.0,0,0,0,0,0,0,0,0,1, $-   ,"$7,421,919.42","$7,421,919.42",
113.0,Colima,2020,BDE-095-2020,03-sep-20,Hidrometeorológico,Lluvia severa e inundación pluvial y fluvial del 26 al 28 de agosto de 2020,CONAGUA,Manzanillo,1,SSPC/SPPPCCP/CNPC/DGPC/00773/2020,3081,3081,11-sep-20,http://www.dof.gob.mx/nota_detalle.php?codigo=5600246&fecha=11/09/2020#gsc.tab=0,Coordinación Estatal de Protección Civil,BDE-103-2020,13-sep-20,22-sep-20,http://dof.gob.mx/nota_detalle.php?codigo=5600925&fecha=22/09/2020#gsc.tab=0,35251,750,0,0,0,0,0,0,3000,3000,0,0,0.0,0,0,0,24000,750,750,0,0,0,0,0,0,0,0,0,0,0,0,0,0,0,0,0,0,0,0,0,0,0,0,0,0,0,3000,0,0,0,0.0,0,0,0,0,0,0,0,0,1, $-   ,"$1,449,224.76","$1,449,224.76",
114.0,Oaxaca,2020,BDE-098-2020,08-sep-20,Geológico,Movimiento de ladera los días 27 y 28 de agosto de 2020,CENAPRED,"Constancia del Rosario, Pluma Hidalgo, San Andrés Cabecera Nueva, San Antonio Tepetlapa, San Francisco Ozolotepec, San Gabriel Mixtepec, San Jerónimo Coatlán, San Juan Ozolotepec, San Miguel Suchixtepec, San Pedro el Alto, San Sebastián Coatlán, Santa María Huatulco y Santa María Yucuhiti,",13,SSPC/SPPPCCP/CNPC/DGPC/00793/2020,861,861,17-sep-20,https://www.dof.gob.mx/nota_detalle.php?codigo=5600585&fecha=17/09/2020#gsc.tab=0,Coordinación Estatal de Protección Civil,BDE-107-2020,18-sep-20,28-sep-20,http://dof.gob.mx/nota_detalle.php?codigo=5601327&fecha=28/09/2020#gsc.tab=0,30769,645,0,0,0,0,0,861,0,861,0,0,2798.0,0,0,0,20664,215,430,1700,0,430,430,13,0,0,0,0,0,0,0,0,0,0,215,0,0,0,0,215,0,0,215,215,0,0,861,0,0,0,0.0,0,0,0,0,0,0,0,0,1, $-   ,"$26,416,308.22","$26,416,308.22",
115.0,Oaxaca,2020,BDE-104-2020,14-sep-20,Geológico,"Movimiento de ladera, lluvia severa e inundación pluvial y fluvial del 5 al 7 de septiembre de 2020",CONAGUA y CENAPRED,"San Agustín Loxicha, San Ildefonso Villa Alta, San Mateo Cajonos, San Felipe Jalapa de Díaz, San José Chiltepec, Santa María Jacatepec y San Juan Bautista Valle Nacional",7,SSPC/SPPPCCP/CNPC/DGPC/00807/2020,1068,1068,23-sep-20,http://www.dof.gob.mx/nota_detalle.php?codigo=5601048&fecha=23/09/2020#gsc.tab=0,SEDENA,BDE-110-2020,24-sep-20,02-oct-20,http://www.dof.gob.mx/nota_detalle.php?codigo=5601750&fecha=02/10/2020#gsc.tab=0,38059,801,0,0,0,0,0,0,1068,1068,0,0,3471.0,0,0,0,25632,267,534,2000,0,534,534,14,0,0,0,0,0,0,0,0,0,0,267,0,267,0,0,267,0,0,0,267,0,0,1068,0,0,0,0.0,0,0,0,0,0,0,0,0,0, $-   ,"$2,159,042.34","$2,159,042.34",
116.0,Veracruz,2020,BDE-105-2020,15-sep-20,Hidrometeorológico,Lluvia severa e inundación pluvial del 5 al 7 de septiembre de 2020,CONAGUA,"Lerdo de Tejada, Saltabarranca, Otatitlán, Tlacojalpan, Tres Valles, Amatitlán y Casamaloapan de Carpio",7,SSPC/SPPPCCP/CNPC/DGPC/00809/2020,10900,10900,24-sep-20,https://www.dof.gob.mx/nota_detalle.php?codigo=5601156&fecha=24/09/2020#gsc.tab=0,Coordinación Estatal de Protección Civil,BDE-113-2020,25-sep-20,05-oct-20,http://www.dof.gob.mx/nota_detalle.php?codigo=5601834&fecha=05/10/2020#gsc.tab=0,57092,2123,0,0,0,0,0,0,8492,8492,0,0,0.0,0,0,0,12738,2123,2123,21000,0,0,0,0,0,0,0,0,0,0,0,0,0,0,0,0,0,0,0,0,0,0,0,0,0,0,0,0,0,0,0.0,0,0,0,0,0,0,0,0,1, $-   ,"$3,905,006.76","$3,905,006.76",
117.0,Durango,2020,BDE-106-2020,17-sep-20,Hidrometeorológico,Inundación fluvial del 11 al 13 de septiembre de 2020,CONAGUA,"Coneto de Comonfort, Durango y Rodeo",3,SSPC/SPPPCCP/CNPC/DGPC/00819/2020,4127,4127,25-sep-20,https://www.dof.gob.mx/nota_detalle.php?codigo=5601266&fecha=25/09/2020#gsc.tab=0,Coordinación Estatal de Protección Civil,BDE-114-2020,27-sep-20,05-oct-20,https://www.dof.gob.mx/nota_detalle.php?codigo=5601833&fecha=05/10/2020,20296,3093,0,0,0,0,0,3528,0,3528,0,0,4100.0,0,0,0,0,1031,2062,0,0,0,0,3,0,0,0,0,0,0,0,0,0,0,0,0,0,0,0,0,0,0,0,0,0,0,2950,0,0,0,0.0,0,0,0,0,0,0,0,0,1, $-   ,"$27,563,493.27","$27,563,493.27",
118.0,Durango,2020,BDE-108-2020,18-sep-20,Hidrometeorológico,Inundación fluvial del 12 al 15 de septiembre de 2020,CONAGUA,"Canatlán, Nuevo Ideal y Mapimí",3,SSPC/SPPPCCP/CNPC/DGPC/00822/2020,1758,1758,28-sep-20,https://www.dof.gob.mx/nota_detalle.php?codigo=5601326&fecha=28/09/2020,Coordinación Estatal de Protección Civil,BDE-116-2020,28-sep-20,06-oct-20,http://www.dof.gob.mx/nota_detalle.php?codigo=5601912&fecha=06/10/2020,12413,1317,0,0,0,0,0,1758,0,1758,0,0,4500.0,0,0,0,0,439,878,0,0,0,0,4,0,0,0,0,0,0,0,0,0,0,0,0,0,0,0,0,0,0,0,0,0,0,1758,0,0,0,0.0,0,0,0,0,0,0,0,0,1, $-   ,"$16,044,989.34","$16,044,989.34",
119.0,Oaxaca,2020,BDE-109-2020,21-sep-20,Hidrometeorológico,Lluvia severa e inundación fluvial y pluvial del 13 al 15 de septiembre de 2020,CONAGUA,San Pedro Atoyac y San Juan Bautista Tuxtepec,2,SSPC/SPPPCCP/CNPC/DGPC/00826/2020,866,866,29-sep-20,http://dof.gob.mx/nota_detalle.php?codigo=5601387&fecha=29/09/2020#gsc.tab=0,Coordinación Estatal de Protección Civil,BDE-117-2020,01-oct-20,09-oct-20,http://diariooficial.gob.mx/nota_detalle.php?codigo=5602271&fecha=09/10/2020,42420,648,0,0,0,0,0,0,866,866,0,0,2814.0,0,0,0,20784,216,432,9000,0,433,433,5,0,352,0,690,690,0,1036,0,777,216,216,0,216,216,0,216,0,0,0,216,0,216,866,0,0,0,0.0,0,0,0,0,0,0,0,0,0, $-   ,"$1,813,454.54","$1,813,454.54",
120.0,Oaxaca,2020,BDE-111-2020,24-sep-20,Hidrometeorológico,Inundación fluvial y movimiento de ladera del 18 al 20 de septiembre de 2020,CONAGUA,"San Juan Comaltepec, San Juan Lalana, Santiago Choápam, Santiago Jocotepec, Santiago Juxtlahuaca, San LorenzoTexmelúcan y Santiago Camotlán",7,SSPC/SPPPCCP/CNPC/DGPC/00844/2020,886,886,02-oct-20,http://www.dof.gob.mx/nota_detalle.php?codigo=5601749&fecha=02/10/2020,Coordinación Estatal de Protección Civil,BDE-118-2020,04-oct-20,12-oct-20,https://www.dof.gob.mx/nota_detalle.php?codigo=5602345&fecha=12/10/2020#gsc.tab=0,48109,442,0,0,0,0,0,0,886,886,0,0,2879.0,0,0,0,14176,221,221,9000,0,443,443,14,0,2045,0,3272,3272,0,4908,0,2126,221,221,0,221,221,0,221,221,221,0,221,0,221,886,0,0,0,0.0,0,0,0,0,0,0,0,0,0, $-   ,"$1,810,935.38","$1,810,935.38",
121.0,Oaxaca,2020,BDE-112-2020,25-sep-20,Geológico,Movimiento de ladera y lluvia severa el 18 de septiembre de 2020,CENAPRED,"Eloxochitlán de Flores Magón, Ixtlán de Juárez, San Felipe Usila, San José Independencia, San Juan Petlapa, San Miguel Amatlán, San Miguel Coatlán, Santa Catarina de Juquila, Santa Inés del Monte, San Martín Peras, Totontepec Villa de Morelos, Villa Sola de Vega y Santiago Zacatepec",13,SSPC/SPPPCCP/CNPC/DGPC/00846/2020,943,943,05-oct-20,https://www.dof.gob.mx/nota_detalle.php?codigo=5601832&fecha=05/10/2020#gsc.tab=0,Coordinación Estatal de Protección Civil,BDE-119-2020,05-oct-20,13-oct-20,https://www.dof.gob.mx/nota_detalle.php?codigo=5602408&fecha=13/10/2020,55007,470,0,0,0,0,0,0,943,943,0,0,3064.0,0,0,0,15088,235,235,8000,0,471,471,20,0,2144,0,4576,4572,0,6858,0,3859,235,235,0,235,235,0,235,235,235,0,235,0,235,943,0,0,0,0.0,0,0,0,0,0,0,0,0,0, $-   ,"$1,973,018.11","$1,973,018.11",
122.0,Veracruz,2020,BDE-115-2020,28-sep-20,Hidrometeorológico,Inundación fluvial del 20 al 23 de septiembre de 2020,CONAGUA,"Isla, José Azueta y Playa Vicente",3,SSPC/SPPPCCP/CNPC/DGPC/00851/2020,11280,11280,06-oct-20,http://www.dof.gob.mx/nota_detalle.php?codigo=5601911&fecha=06/10/2020#gsc.tab=0,Coordinación Estatal de Protección Civil,BDE-123-2020,08-oct-20,16-oct-20,http://dof.gob.mx/nota_detalle.php?codigo=5602948&fecha=16/10/2020#gsc.tab=0,33532,1443,0,0,0,0,0,0,5772,5772,0,0,0.0,0,0,0,8658,1443,1443,9000,0,0,0,0,0,0,0,0,0,0,0,0,0,0,0,0,0,0,0,0,0,0,0,0,0,0,0,0,0,0,0.0,0,0,0,0,0,0,0,0,1, $-   ,"$3,903,877.77","$3,903,877.77",
123.0,Tabasco,2020,BDE-120-2020,06-oct-20,Hidrometeorológico,Lluvia severa e inundación pluvial y fluvial del 28 de septiembre al 4 de octubre de 2020,CONAGUA,"Cunduacán, Jalpa de Méndez ,Nacajuca, Centro, Balancán, Jalapa,Tacotalpa y Teapa",8,SSPC/SPPPCCP/CNPC/DGPC/00872/2020,60740,60740,14-oct-20,https://www.dof.gob.mx/nota_detalle.php?codigo=5602725&fecha=14/10/2020,SEDENA,BDE-131-2020,26-oct-20,03-nov-20,https://www.dof.gob.mx/nota_detalle.php?codigo=5604069&fecha=03/11/2020#gsc.tab=0,310986,19089,0,0,0,0,0,0,30370,30370,0,0,0.0,0,0,0,150000,15185,15185,50000,0,300,300,16,0,0,0,0,0,0,0,0,0,100,0,30,0,20,20,0,0,0,0,0,0,0,0,0,0,0,0.0,0,0,0,0,0,0,0,0,1, $-   ,"$41,873,890.25","$41,873,890.25",
124.0,Yucatán,2020,BDE-121-2020,06-oct-20,Hidrometeorológico,Inminente impacto del huracán Delta el 6 de octubre de 2020,CONAGUA,"Dzilam de Bravo, Panabá, Río Lagartos, San Felipe y Tzimín.",5,SSPC/SPPPCCP/CNPC/DGPC/00880/2020 - SSPC/SPPPCCP/CNPC/DGPC/00907/2020,32282,32282,14-oct-20,https://www.dof.gob.mx/nota_detalle.php?codigo=5602726&fecha=14/10/2020#gsc.tab=0,SEDENA,BDE-133-2020,29-oct-20,06-nov-20,https://www.dof.gob.mx/nota_detalle.php?codigo=5604408&fecha=06/11/2020#gsc.tab=0,527656,9418,0,0,0,0,0,0,32282,32282,0,0,52458.0,0,0,0,109394,8070,8519,0,0,0,0,0,0,119430,0,35100,0,20880,0,20720,38820,0,2000,0,0,2000,0,2000,0,0,0,2000,0,0,32282,0,0,0,0.0,0,0,0,0,0,0,0,0,1, $-   ,"$40,041,891.57","$40,041,891.57",
125.0,Chiapas,2020,BDE-122-2020,07-oct-20,Hidrometeorológico,Lluvia severa e inundación pluvial y fluvial del 1 al 3 de octubre de 2020,CONAGUA,"Tecpatán, Ixtapangajoya, Chamula, Juárez, Ocotepec, Salto de Agua, Zinacantán, Ostuacán, Pichucalco, Larráinzar y Ocosingo.",11,SSPC/SPPPCCP/CNPC/DGPC/00881/2020,39223,39223,15-oct-20,https://www.dof.gob.mx/nota_detalle.php?codigo=5602809&fecha=15/10/2020#gsc.tab=0,SEDENA,BDE-132-2020,27-oct-20,04-nov-20,https://www.dof.gob.mx/nota_detalle.php?codigo=5604210&fecha=04/11/2020#gsc.tab=0,261851,7092,0,0,0,0,0,0,28369,28369,0,0,0.0,0,0,0,113476,7092,7092,0,0,14184,14184,0,0,13620,0,14184,14188,0,0,0,0,0,0,0,0,0,0,0,0,0,0,0,0,0,0,0,0,0,0.0,0,0,0,0,0,0,0,0,1, $-   ,"$63,167,894.61","$63,167,894.61",
126.0,Quintana Roo,2020,BDE-124-2020,09-oct-20,Hidrometeorológico,Vientos fuertes y lluvia severa los días 5 y 6 de octubre de 2020,CONAGUA,"Cozumel, Puerto Morelos, Solidaridad, Benito Juárez, Isla Mujeres y Lázaro Cárdenas",6,SSPC/SPPPCCP/CNPC/DGPC/00888/2020,20308,20308,19-oct-20,http://dof.gob.mx/nota_detalle.php?codigo=5604407&fecha=06/11/2020,SEDENA,BDE-134-2020,29-oct-20,06-nov-20,https://www.dof.gob.mx/nota_detalle.php?codigo=5604407&fecha=06/11/2020#gsc.tab=0,54655,5077,0,0,0,0,0,0,7000,7000,0,0,0.0,0,0,0,20000,5077,0,0,0,6000,4500,0,0,0,0,0,0,0,0,0,0,0,0,0,0,0,0,0,0,0,0,0,0,0,0,0,0,0,0.0,0,0,0,0,0,0,0,0,1, $-   ,"$29,241,840.28","$29,241,840.28",
127.0,Tabasco,2020,BDE-125-2020,12-oct-20,Hidrometeorológico,Inundación fluvial el 5 de octubre de 2020,CONAGUA,Macuspana,1,SSPC/SPPPCCP/CNPC/DGPC/00890/2020,4000,4000,20-oct-20,https://www.dof.gob.mx/nota_detalle.php?codigo=5603108&fecha=20/10/2020,SEDENA,BDE-130-2020,22-oct-20,30-oct-20,https://www.dof.gob.mx/nota_detalle.php?codigo=5603907&fecha=30/10/2020#gsc.tab=0,15001,1000,0,0,0,0,0,0,4000,4000,0,0,0.0,0,0,0,4000,1000,1000,0,0,0,0,0,0,0,0,0,0,0,0,0,0,0,0,0,0,0,0,0,0,0,0,0,0,0,0,0,0,0,0.0,0,0,0,0,0,0,0,0,1, $-   ,"$6,268,859.75","$6,268,859.75",
128.0,Yucatán,2020,BDE-126-2020,13-oct-20,Hidrometeorológico,Lluvia severa e inundación pluvial del 1 al 8 de octubre de 2020,CONAGUA,"Baca, Calotmul, Celestún, Dzidzantún, Espita, Hunucmá, Ixil, Kanasín, Kaua, Mocochá, Progreso, Sanahcat, Sinanché, Sucilá, Telchac Puerto, Tepakán, Uayma, Ucú, Valladolid, Yobaín, Chemax, Cuncunul, Mérida, Temozón, Tunkás, Buctzotz, Izamal, Tixkokob y Tixpéhual",29,SSPC/SPPPCCP/CNPC/DGPC/00903/2020 - SSPC/SPPPCCP/CNPC/DGPC/00933/2020,39912,39912,21-oct-20,https://www.dof.gob.mx/nota_detalle.php?codigo=5603232&fecha=21/10/2020,SEDENA,BDE-135-2020,29-oct-20,06-nov-20,https://www.dof.gob.mx/nota_detalle.php?codigo=5604409&fecha=06/11/2020#gsc.tab=0,906149,20106,0,0,0,0,0,0,39912,14303,0,0,129714.0,0,0,0,324096,9978,10128,0,0,0,0,0,0,100873,0,36041,0,66716,0,105044,49237,0,0,0,0,0,0,0,0,0,0,0,0,0,0,0,0,0,0.0,0,0,0,0,0,0,0,0,1, $-   ,"$87,377,211.78","$87,377,211.78",
129.0,Quintana Roo,2020,BDE-136-2020,31-oct-20,Hidrometeorológico,Lluvia severa el 26 de octubre de 2020,CONAGUA,"Cozumel, Puerto Morelos, Solidaridad y Tulum.",4,SSPC/SPPPCCP/CNPC/DGPC/00959/2020,6407,6407,09-nov-20,https://www.dof.gob.mx/nota_detalle.php?codigo=5604486&fecha=09/11/2020#gsc.tab=0,SEDENA,BDE-144-2020,10-nov-20,19-nov-20,https://www.dof.gob.mx/nota_detalle.php?codigo=5605309&fecha=19/11/2020#gsc.tab=0,21602,1601,0,0,0,0,0,0,0,0,0,0,20000.0,0,0,0,0,0,0,0,0,0,0,0,0,0,0,0,0,0,0,0,0,0,0,0,0,0,0,0,0,0,0,0,0,0,0,0,0,0,0.0,0,0,0,0,0,0,0,0,1, $-   ,"$10,753,684.24","$10,753,684.24",
130.0,Tabasco,2020,BDE-137-2020,01-nov-20,Hidrometeorológico,Inundación fluvial y pluvial el 29 de octubre de 2020,CONAGUA,"Jalapa, Cárdenas, Centro, Comalcalco, Cunduacán, Jalpa de Méndez, Macuspana y Nacajuca",8,SSPC/SPPPCCP/CNPC/DGPC/00960/2020 - SSPC/SPPPCCP/CNPC/DGPC/00992/2020 - SSPC/SPPPCCP/CNPC/DGPC/01022/2020,62325,62325,09-nov-20,https://www.dof.gob.mx/nota_detalle.php?codigo=5604487&fecha=09/11/2020#gsc.tab=0,SEDENA,BDE-158-2020,01-dic-20,09-dic-20,https://dof.gob.mx/nota_detalle.php?codigo=5607132&fecha=09/12/2020#gsc.tab=0,949932,88070,0,0,0,0,0,0,62325,62325,0,0,0.0,0,0,0,251133,15581,46743,340000,0,600,600,20,1500,8880,249,0,0,35542,0,0,33342,0,0,0,0,0,0,0,1500,0,0,0,0,0,1500,0,21,0,0.0,0,0,0,0,0,0,0,0,1, $-   ,"$146,957,802.07","$146,957,802.07",
131.0,Yucatán,2020,BDE-138-2020,04-nov-20,Hidrometeorológico,Lluvia severa e inundación pluvial el 27 y 30 de octubre de 2020,CONAGUA,"Chikindzonot, Dzilam de Bravo, Dzilam González, Dzoncauich, Tekom, Temax, Tixcacalcupul y Chankom",8,SSPC/SPPPCCP/CNPC/DGPC/00969/2020,6280,6280,12-nov-20,https://www.dof.gob.mx/nota_detalle.php?codigo=5604810&fecha=12/11/2020,SEDENA,BDE-151-2020,14-nov-20,24-nov-20,http://www.dof.gob.mx/nota_detalle.php?codigo=5605590&fecha=24/11/2020,131605,1570,0,0,0,0,0,0,6280,0,0,0,20410.0,0,0,0,50240,1570,1570,0,0,0,0,0,0,16624,0,2913,0,4245,0,6591,7032,0,1570,0,0,1570,0,1570,0,0,0,1570,0,0,6280,0,0,0,0.0,0,0,0,0,0,0,0,0,0, $-   ,"$9,848,386.31","$9,848,386.31",
132.0,Chiapas,2020,BDE-139-2020,04-nov-20,Hidrometeorológico,Lluvia severa el 29 de octubre de 2020,CONAGUA,Reforma,1,SSPC/SPPPCCP/CNPC/DGPC/00970/2020 - SSPC/SPPPCCP/CNPC/DGPC/01004/2020 - SSPC/SPPPCCP/CNPC/DGPC/01035/2020 - SSPC/SPPPCCP/CNPC/DGPC/01069/2020,1222,1222,12-nov-20,https://www.dof.gob.mx/nota_detalle.php?codigo=5604808&fecha=12/11/2020#gsc.tab=0,SEDENA,BDE-166-2020,14-dic-20,22-dic-20,http://www.dof.gob.mx/nota_detalle.php?codigo=5608429&fecha=22/12/2020,36616,610,0,0,0,0,0,0,1222,1222,0,0,1000.0,0,0,0,19552,305,305,0,0,611,611,0,0,3910,0,1466,1466,0,0,0,0,0,0,0,0,867,0,0,867,867,867,0,0,867,0,0,0,0,0.0,0,0,0,0,0,0,0,0,1, $-   ,"$5,934,770.89","$5,934,770.89",
133.0,Veracruz,2020,BDE-140-2020,04-nov-20,Hidrometeorológico,Lluvia severa e inundación fluvial y pluvial del 30 de octubre al 1 de noviembre de 2020,CONAGUA,"Agua Dulce, Uxpanapa y Las Choapas",3,SSPC/SPPPCCP/CNPC/DGPC/00974/2020,3888,3888,12-nov-20,https://www.dof.gob.mx/nota_detalle.php?codigo=5604809&fecha=12/11/2020#gsc.tab=0,SEDENA,BDE-150-2020,14-nov-20,24-nov-20,https://www.dof.gob.mx/nota_detalle.php?codigo=5605589&fecha=24/11/2020,39068,1472,0,0,0,0,0,0,3888,3888,0,0,0.0,0,0,0,12876,972,972,15000,0,0,0,0,0,0,0,0,0,0,0,0,0,0,0,0,0,0,0,0,0,0,0,0,0,0,0,0,0,0,0.0,0,0,0,0,0,0,0,0,0, $-   ,"$1,968,357.02","$1,968,357.02",
134.0,Chiapas,2020,BDE-141-2020,09-nov-20,Hidrometeorológico,Lluvia severa el 5 y 6 de noviembre de 2020,CONAGUA,"Ocosingo, Ostuacán,Pichucalco, Salto de Agua,Tecpatán, Tila, Tumbalá y Yajalón",8,SSPC/SPPPCCP/CNPC/DGPC/00980/2020 - SSPC/SPPPCCP/CNPC/DGPC/01016/2020,24607,24607,18-nov-20,https://www.dof.gob.mx/nota_detalle.php?codigo=5605227&fecha=18/11/2020,SEDENA,BDE-156-2020,29-nov-20,07-dic-20,http://www.dof.gob.mx/nota_detalle.php?codigo=5606871&fecha=07/12/2020,625533,12302,0,0,0,0,0,0,24607,13107,0,0,10780.0,0,0,0,393712,6151,12302,0,0,12303,12303,0,0,78743,0,24610,24610,0,0,0,0,0,0,0,0,0,0,0,0,0,0,0,0,0,0,0,2,0,0.0,0,0,0,0,0,0,0,0,1, $-   ,"$88,181,600.13","$88,181,600.13",
135.0,Tabasco,2020,BDE-142-2020,09-nov-20,Hidrometeorológico,Inundación fluvial y pluvial el 2 de noviembre de 2020,CONAGUA,Huimanguillo y Teapa,2,SSPC/SPPPCCP/CNPC/DGPC/00981/2020,21420,21420,18-nov-20,https://dof.gob.mx/nota_detalle.php?codigo=5605228&fecha=18/11/2020#gsc.tab=0,SEDENA,BDE-152-2020,19-nov-20,27-nov-20,https://www.dof.gob.mx/nota_detalle.php?codigo=5606051&fecha=27/11/2020#gsc.tab=0,60649,6064,0,0,0,0,0,0,12130,12130,0,0,0.0,0,0,0,24260,3032,3032,0,0,0,0,0,0,0,0,0,0,0,0,0,0,0,0,0,0,0,0,0,0,0,0,0,0,0,0,0,0,0,0.0,0,0,0,0,0,0,0,0,1, $-   ,"$25,002,258.51","$25,002,258.51",
136.0,Veracruz,2020,BDE-143-2020,10-nov-20,Hidrometeorológico,Inundación fluvial el 5 y 6 de noviembre de 2020,CONAGUA,Minatitlán y Texistepec,2,SSPC/SPPPCCP/CNPC/DGPC/00989/2020,6960,6960,19-nov-20,https://www.dof.gob.mx/nota_detalle.php?codigo=5605308&fecha=19/11/2020#gsc.tab=0,SEDENA,BDE-153-2020,20-nov-20,30-nov-20,https://www.dof.gob.mx/nota_detalle.php?codigo=5606269&fecha=30/11/2020#gsc.tab=0,45443,1740,0,0,0,0,0,0,6960,6960,0,0,0.0,0,0,0,16302,1740,1740,10000,0,0,0,0,0,0,0,0,0,0,0,0,0,0,0,0,0,0,0,0,0,0,0,0,0,0,0,0,0,0,0.0,0,0,0,0,0,0,0,0,1, $-   ,"$12,143,731.97","$12,143,731.97",
137.0,Chiapas,2020,BDE-145-2020,11-nov-20,Hidrometeorológico,Inundación fluvial y pluvial los días 5 y 6 de noviembre de 2020,CONAGUA,"Chamula, Cintalapa, Coapilla, El Porvenir, Jiquipilas, La Concordia, Ocotepec, Pueblo Nuevo Solistahuacán, Copainalá, Francisco León, Huitiupán, Ixthuatán, Juárez, Mezcalapa, Oxchuc, Palenque, San Cristóbal de las Casas, Solosuchiapa y Chilón",19,SSPC/SPPPCCP/CNPC/DGPC/00990/2020 - SSPC/SPPPCCP/CNPC/DGPC/01021/2020 - SSPC/SPPPCCP/CNPC/DGPC/01050/2020,49106,49106,20-nov-20,https://www.dof.gob.mx/nota_detalle.php?codigo=5605454&fecha=20/11/2020#gsc.tab=0,SEDENA,BDE-162-2020,11-dic-20,21-dic-20,https://www.dof.gob.mx/nota_detalle.php?codigo=5608311&fecha=21/12/2020,901241,24552,0,0,0,0,0,0,49106,49106,0,0,16480.0,0,0,0,400000,12276,24552,0,0,24553,24553,0,5000,156256,0,49507,49507,0,0,0,0,0,0,0,0,3762,0,0,3500,3500,3762,0,0,1265,0,0,3,0,0.0,0,0,0,0,0,0,0,0,1, $-   ,"$140,234,700.34","$140,234,700.34",
138.0,Chiapas,2020,BDE-146-2020,12-nov-20,Geológico,Movimiento de ladera del 5 al 6 de noviembre de 2020,CENAPRED,"Aldama, Amatenango de la Frontera, Bella Vista, Bochil, Chanal, Chapultenango, El Bosque, Ixhuatán, Ixtacomitán Jitotol, Larráinzar, Mitontic, Ocozocoautla de Espinosa, Rayón, Rincón Chamula San Pedro, Santiago el Pinar, Siltepec, Sunuapa, Tapalapa, Tapilula, y Tenejapa",21,SSPC/SPPPCCP/CNPC/DGPC/00998/2020 - SSPC/SPPPCCP/CNPC/DGPC/01026/2020 - SSPC/SPPPCCP/CNPC/DGPC/01060/2020,88521,88521,23-nov-20,https://www.dof.gob.mx/nota_detalle.php?codigo=5605506&fecha=23/11/2020#gsc.tab=0,SEDENA,BDE-163-2020,12-dic-20,21-dic-20,https://www.dof.gob.mx/nota_detalle.php?codigo=5608312&fecha=21/12/2020#gsc.tab=0,609892,22132,0,0,0,0,0,0,44267,44267,0,0,10270.0,0,0,0,354136,11066,22132,0,0,10624,10624,0,5000,35416,0,16602,16602,0,0,0,0,0,0,0,0,1500,0,0,1500,1500,1500,0,0,750,0,0,3,0,0.0,0,0,0,0,0,0,0,0,1, $-   ,"$141,317,603.99","$141,317,603.99",
139.0,Tabasco,2020,BDE-147-2020,12-nov-20,Hidrometeorológico,Inundación fluvial el 6 de noviembre de 2020,CONAGUA,Tacotalpa,1,SSPC/SPPPCCP/CNPC/DGPC/00999/2020 - SSPC/SPPPCCP/CNPC/DGPC/01028/2020 - SSPC/SPPPCCP/CNPC/DGPC/01053/2020,1160,1160,23-nov-20,https://www.dof.gob.mx/nota_detalle.php?codigo=5605507&fecha=23/11/2020#gsc.tab=0,SEDENA,BDE-164-2020,12-dic-20,21-dic-20,https://www.dof.gob.mx/nota_detalle.php?codigo=5608313&fecha=21/12/2020#gsc.tab=0,20881,1160,0,0,0,0,0,0,1160,1160,0,0,0.0,0,0,0,4640,290,870,0,0,0,0,0,0,2320,0,0,0,4640,0,0,4640,0,0,0,0,0,0,0,0,0,0,0,0,0,0,0,0,0,0.0,0,0,0,0,0,0,0,0,1, $-   ,"$9,152,922.79","$9,152,922.79",
140.0,Chiapas,2020,BDE-148-2020,13-nov-20,Geológico,Movimiento de ladera del 29 de octubre al 8 de noviembre de 2020,CENAPRED,"Amatán, Ixtapangajoya,Pantelhó, Pantepec, Sabanilla, Simojobel, Sitalá y San Andrés Duraznal",8,SSPC/SPPPCCP/CNPC/DGPC/01001/2020 - SSPC/SPPPCCP/CNPC/DGPC/01030/2020 - SSPC/SPPPCCP/CNPC/DGPC/01064/2020,32418,32418,24-nov-20,https://www.dof.gob.mx/nota_detalle.php?codigo=5605587&fecha=24/11/2020,SEDENA,BDE-165-2020,13-dic-20,21-dic-20,https://www.dof.gob.mx/nota_detalle.php?codigo=5608310&fecha=21/12/2020,241296,8106,0,0,0,0,0,0,16212,16212,0,0,11390.0,0,0,0,129696,4053,8106,0,0,3892,3892,0,0,12976,0,6084,6084,0,0,0,0,0,0,0,0,2918,0,0,2918,2918,2918,0,0,2918,0,0,2,0,0.0,0,0,0,0,0,0,0,0,1, $-   ,"$54,272,578.32","$54,272,578.32",
141.0,Tabasco,2020,BDE-149-2020,13-nov-20,Hidrometeorológico,Inundación fluvial del 7 al 11 de noviembre de 2020,CONAGUA,"Balancán, Centla, Emiliano Zapata, Jonuta y Tenosique",5,SSPC/SPPPCCP/CNPC/DGPC/01002/2020 - SSPC/SPPPCCP/CNPC/DGPC/01032/2020,20873,20873,24-nov-20,http://www.dof.gob.mx/nota_detalle.php?codigo=5605588&fecha=24/11/2020,SEDENA,BDE-159-2020,03-dic-20,11-dic-20,http://www.dof.gob.mx/nota_detalle.php?codigo=5607371&fecha=11/12/2020,432579,15654,0,0,0,0,0,0,20873,20873,0,0,0.0,0,0,0,227619,5218,10436,100000,0,0,0,0,0,2200,0,0,0,16500,0,0,13200,0,0,0,0,0,0,0,0,0,0,0,0,0,0,0,5,0,0.0,0,0,0,0,0,0,0,0,1, $-   ,"$40,173,616.50","$40,173,616.50",
142.0,Veracruz,2020,BDE-154-2020,26-nov-20,Hidrometeorológico,Lluvia severa e inundación fluvial y pluvial del 19 al 23 de noviembre de 2020,CONAGUA,"Coatzacoalcos., Las Chopas y Santiago Tuxtla",3,SSPC/SPPPCCP/CNPC/DGPC/01037/2020,17569,17569,04-dic-20,http://dof.gob.mx/nota_detalle.php?codigo=5606773&fecha=04/12/2020#gsc.tab=0,SEDENA,BDE-160-2020,06-dic-20,14-dic-20,https://www.dof.gob.mx/nota_detalle.php?codigo=5607469&fecha=14/12/2020#gsc.tab=0,52860,2580,0,0,0,0,0,0,10320,10320,0,0,0.0,0,0,0,15480,2580,2580,9000,0,0,0,0,0,0,0,0,0,0,0,0,0,0,0,0,0,0,0,0,0,0,0,0,0,0,0,0,0,0,0.0,0,0,0,0,0,0,0,0,0, $-   ,"$4,623,548.16","$4,623,548.16",
143.0,Chiapas,2020,BDE-155-2020,27-nov-20,Geológico,Movimiento de ladera del 19 al 21 de noviembre de 2020,CENAPRED,La Grandeza,1,SSPC/SPPPCCP/CNPC/DGPC/01038/2020,1587,1587,07-dic-20,https://www.dof.gob.mx/nota_detalle.php?codigo=5606870&fecha=07/12/2020#gsc.tab=0,SEDENA,BDE-161-2020,07-dic-20,15-dic-20,http://www.dof.gob.mx/nota_detalle.php?codigo=5607550&fecha=15/12/2020,9005,198,0,0,0,0,0,0,794,794,0,0,0.0,0,0,0,4764,198,198,0,0,192,192,0,0,954,0,360,360,0,0,0,0,0,0,0,0,0,0,0,0,0,0,0,0,0,0,0,0,0,0.0,0,0,0,0,0,0,0,0,1, $-   ,"$8,284,854.89","$8,284,854.89",
144.0,Chiapas,2020,BDE-157-2020,30-nov-20,Hidrometeorológico,Inundación fluvial el 19 de noviembre de 2020,CONAGUA,"Benemérito de las Américas, Catazajá, Maravilla Tenejapa y Marqués de Comillas",4,SSPC/SPPPCCP/CNPC/DGPC/01043/2020 - SSPC/SPPPCCP/CNPC/DGPC/01096/2020,12621,12621,08-dic-20,https://www.dof.gob.mx/nota_detalle.php?codigo=5606949&fecha=08/12/2020#gsc.tab=0,SEDENA,BDE-167-2020,20-dic-20,29-dic-20,http://www.dof.gob.mx/nota_detalle.php?codigo=5609044&fecha=29/12/2020#gsc.tab=0,238480,6310,0,0,0,0,0,0,12621,12621,0,0,0.0,0,0,0,151456,3155,6310,0,0,4544,4544,0,0,22722,0,7098,7098,0,0,0,0,0,0,0,0,0,0,0,0,0,0,0,0,0,0,0,0,0,0.0,0,0,0,0,0,0,0,0,1, $-   ,"$19,347,238.88","$19,347,238.88",
145.0,Veracruz,2020,BDE-168-2020,21-dic-20,Hidrometeorológico,Lluvia severa e inundación pluvial y fluvial los días 16 y 17 de diciembre de 2020,CONAGUA,Agua Dulce,1,SSPC/SPPPCCP/CNPC/DGPC/01117/2020,8060,8060,30-dic-20,http://dof.gob.mx/nota_detalle.php?codigo=5609179&fecha=30/12/2020,SEDENA,BDE-169-2020,31-dic-20,11-ene-21,http://www.dof.gob.mx/nota_detalle.php?codigo=5609671&fecha=11/01/2021,35528,0,0,0,0,0,0,0,7848,0,0,0,0.0,0,0,0,0,1962,1962,0,8060,3924,3924,0,0,0,0,0,0,0,0,0,0,0,0,0,0,0,0,0,0,0,0,0,0,0,7848,0,0,0,0.0,0,0,0,0,0,0,0,0,0, $-   ,"$4,911,674.78","$4,911,674.78",
146.0,Durango,2021,BDE-001-2021,05-ene-21,Hidrometeorológico,Nevada severa el 30 y 31 de diciembre de 2020,CONAGUA,"Canatlán, Canelas, Durango, Guanaceví, Ocampo, Otáez, Pueblo Nuevo, San Bernardo, San Dimas, Santiago Papasquiaro, Tamazula, Tepehuanes y Topia",13,SSPC/CNPC/DGPC/0002/2021 - SSPC/CNPC/DGPC/0023/2021,24800,24800,13-ene-21,http://www.dof.gob.mx/nota_detalle.php?codigo=5609766&fecha=13/01/2021,SEDENA,BDE-004-2021,25-ene-21,02-feb-21,http://www.dof.gob.mx/nota_detalle.php?codigo=5610806&fecha=03/02/2021,65696,3145,0,0,0,0,0,15500,0,15500,0,0,21500.0,0,0,0,0,3520,3520,0,0,0,0,10,0,0,0,0,0,0,0,0,0,0,0,0,0,0,0,0,0,0,0,0,0,0,3000,0,0,0,0.0,0,0,0,0,0,0,0,0,1, $-   ,"$17,461,669.30","$17,461,669.30",
147.0,Chihuahua,2021,BDE-002-2021,05-ene-21,Hidrometeorológico,Nevada y helada severas el 30 y 31 de diciembre de 2020,CONAGUA,"Ahumada, Aquiles Serdán, Bachíniva, Carichí, Casas Grandes, Chihuahua, Cuauhtémoc,Cusihuiriachi, El Tule, Galeana, Guadalupe y Calvo, Ignacio Zaragoza, Madera, Maguarichi, Nuevo Casas Grandes, Ocampo y Ojinaga",17,SSPC/CNPC/DGPC/0003/2021 - SSPC/CNPC/DGPC/0021/2021,39932,39932,13-ene-21,http://www.dof.gob.mx/nota_detalle.php?codigo=5609765&fecha=13/01/2021,SEDENA,BDE-005-2021,25-ene-21,02-feb-21,http://www.dof.gob.mx/nota_detalle.php?codigo=5610805&fecha=03/02/2021,134843,9983,0,0,0,0,0,39932,0,39932,0,0,25000.0,0,0,0,0,9983,9983,0,0,0,0,30,0,0,0,0,0,0,0,0,0,0,0,0,0,0,0,0,0,0,0,0,0,0,0,0,0,0,0.0,0,0,0,0,0,0,0,0,0, $-   ,"$30,948,422.26","$30,948,422.26",
148.0,Chihuahua,2021,BDE-003-2021,15-ene-21,Hidrometeorológico,Nevada severa el 30 y 31 de diciembre de 2020,CONAGUA,"Aldama,Buenaventura, Coyame del Sotol, Santa Isabel, Gran Morelos, Guerrero, Gómez Farías, Riva Palacio y San Francisco de Borja",9,SSPC/CNPC/DGPC/00024/2021 - SSPC/CNPC/DGPC/00078/2021,14497,14497,25-ene-21,http://www.dof.gob.mx/nota_detalle.php?codigo=5610285&fecha=25/01/2021,SEDENA,BDE-006-2021,04-feb-21,12-feb-21,https://dof.gob.mx/nota_detalle.php?codigo=5611407&fecha=12/02/2021,37882,3624,0,0,0,0,0,11000,0,11000,0,0,5000.0,0,0,0,0,3624,3624,0,0,0,0,10,0,0,0,0,0,0,0,0,0,0,0,0,0,0,0,0,0,0,0,0,0,0,0,0,0,0,0.0,0,0,0,0,0,0,0,0,0, $-   ,"$8,548,397.09","$8,548,397.09",
149.0,Oaxaca,2021,BDE-007-2021,18-feb-21,Incendio Forestal,Incendios forestales del 01 al 16 de febrero de 2021,CONAFOR,"San Carlos Yautepec, San Pablo Coatlán, San Pedro Topiltepec, Santa María Peñoles y Santo Domingo Zanatepec",5,SSPC/CNPC/DGPC/00153/2021,940,940,25-feb-21,http://dof.gob.mx/nota_detalle.php?codigo=5612332&fecha=26/02/2021,SEDENA,BDE-010-2021,28-feb-21,08-mar-21,https://www.dof.gob.mx/nota_detalle.php?codigo=5613009&fecha=08/03/2021,19502,468,0,0,0,0,0,0,0,0,0,0,0.0,0,0,0,15040,0,234,0,0,0,0,0,470,0,0,0,0,0,0,0,0,234,235,0,235,235,0,235,235,235,235,235,0,235,940,0,0,0,0.0,0,0,0,0,0,0,0,0,1, $-   ,"$18,954,072.02","$18,954,072.02",
150.0,Oaxaca,2021,BDE-008-2021,26-feb-21,Incendio Forestal,Incendio forestal del 01 de enero al 22 de febrero de 2021,CONAFOR,"San Pablo Etla, Heroica Ciudad de Tlaxiaco, Tlalixtac de Cabrera, San Pedro Tapanatepec, Santa Cruz Mixtepec, Oaxaca de Juárez, Santa María Atzompa, San Pablo Huitzo, San Felipe Tejalápam, Villa de Zaachila, San Jerónimo Tlacochahuaya, San Miguel Chimalapa, Santa María Chimalapa, San Francisco Telixtlahuaca, Zimatlán de Álvarez, Santiago Tepetlapa, Santa María Lachixío, Heroica Villa de Tezoatlán de Segura y Luna, Santiago Ixtayutla, San Simón Zahuatlán, Constancia del Rosario, Santiago Astata y San Miguel el Grande",23,SSPC/CNPC/DGPC/00180/2021,997,997,08-mar-21,https://www.dof.gob.mx/nota_detalle.php?codigo=5613008&fecha=08/03/2021,SEDENA,BDE-011-2021,08-mar-21,17-mar-21,http://dof.gob.mx/nota_detalle.php?codigo=5613769&fecha=17/03/2021,21023,498,0,0,0,0,0,0,0,0,0,0,338.0,0,0,0,15952,0,249,0,0,0,0,0,498,0,0,0,0,0,0,0,0,249,249,0,249,249,0,249,249,249,249,249,0,249,997,0,0,0,0.0,0,0,0,0,0,0,0,0,1, $-   ,"$41,372,372.83","$41,372,372.83",
151.0,Oaxaca,2021,BDE-009-2021,26-feb-21,Hidrometeorológico,Helada severa del 02 al 22 de febrero de 2021,CONAGUA,"San Pedro y San Pablo Ayutla, Teotongo, Heroica Ciudad de Tlaxiaco, San Martín Itunyoso y Santiago Tilantongo",5,SSPC/CNPC/DGPC/00181/2021,853,853,08-mar-21,https://www.dof.gob.mx/nota_detalle.php?codigo=5613007&fecha=08/03/2021,SEDENA,BDE-012-2021,08-mar-21,17-mar-21,http://dof.gob.mx/nota_detalle.php?codigo=5613768&fecha=17/03/2021,17059,426,0,0,0,0,0,853,0,853,0,0,0.0,0,0,0,13648,213,213,0,0,0,0,0,0,0,0,0,0,0,0,0,0,0,0,0,0,0,0,0,0,0,0,0,0,0,853,0,0,0,0.0,0,0,0,0,0,0,0,0,0, $-   ,"$646,985.16","$646,985.16",
152.0,Coahuila,2021,BDE-013-2021,19-mar-21,Incendio Forestal,Incendio forestal el 16 de marzo de 2021,CONAFOR,Arteaga,1,SSPC/SPPPCCP/CNPC/DGPC/0329/2021,480,480,29-mar-21,http://dof.gob.mx/nota_detalle.php?codigo=5614687&fecha=29/03/2021,SEDENA,BDE-015-2021,29-mar-21,08-abr-21,http://dof.gob.mx/nota_detalle.php?codigo=5615225&fecha=06/04/2021,2911,120,0,0,0,0,0,0,480,0,0,0,0.0,0,0,0,2000,0,0,0,0,0,0,0,0,0,0,0,0,0,0,0,0,0,80,0,0,0,0,0,0,100,0,80,0,50,0,0,0,0,0.0,0,0,0,0,0,0,0,0,1, $-   ,"$792,786.15","$792,786.15",
153.0,Chiapas,2021,BDE-014-2021,24-mar-21,Hidrometeorológico,Lluvia severa el 18 de marzo de 2021,CONAGUA,Tecpatán,1,SSPC/SPPPCCP/CNPC/DGPC/354/2021,515,515,01-abr-21,https://dof.gob.mx/nota_detalle.php?codigo=5615007&fecha=01/04/2021,SEDENA,BDE-017-2021,03-abr-21,12-abr-21,http://www.dof.gob.mx/nota_detalle.php?codigo=5615586&fecha=12/04/2021,7696,128,0,0,0,0,0,0,515,515,0,0,0.0,0,0,0,4120,128,128,0,0,0,0,0,0,1292,0,432,438,0,0,0,0,0,0,0,0,0,0,0,0,0,0,0,0,0,0,0,0,0,0.0,0,0,0,0,0,0,0,0,0, $-   ,"$306,368.14","$306,368.14",
154.0,Nuevo León,2021,BDE-016-2021,03-abr-21,Incendio Forestal,Incendio forestal del 13 de marzo al 2 de abril de 2021,CONAFOR,"Santiago, Linares,Montemorelos y Galeana,",4,SSPC/SPPPCCP/CNPC/DGPC/384/2021 - SSPC/SPPPCCP/CNPC/DGPC/422/2021,1413,1413,12-abr-21,http://www.dof.gob.mx/nota_detalle.php?codigo=5615585&fecha=12/04/2021,SEDENA,BDE-020-2021,23-abr-21,03-may-21,http://dof.gob.mx/nota_detalle.php?codigo=5617387&fecha=03/05/2021,753,353,0,0,0,0,0,0,0,0,0,0,0.0,0,0,0,0,200,200,0,0,0,0,0,0,0,0,0,0,0,0,0,0,0,0,0,0,0,0,0,0,0,0,0,0,0,0,0,0,0,0.0,0,0,0,0,0,0,0,0,0, $-   ,"$191,533.20","$191,533.20",
155.0,Oaxaca,2021,BDE-018-2021,13-abr-21,Incendio Forestal,Incendios forestales del 23 de febrero al 5 de abril de 2021,CONAFOR,"Cuilápam de Guerrero, Putla Villa de Guerrero, San Juan Lachao, San Juan Ozolotepec, San Juan Teita, San Miguel del Puerto, Santa Cruz Itundujia, Santa María Tonameca, Santo Domingo Tehuantepec, Santiago Astata, Santiago Ixtayutla, Santo Tomás Jalieza y Villa de Tututepec de Melchor Ocampo",13,SSPC/SPPPCCP/CNPC/DGPC/421/2021,0,0,21-abr-21,https://www.dof.gob.mx/nota_detalle.php?codigo=5616437&fecha=21/04/2021,SEDENA,BDE-019-2021,16-abr-21,21-abr-21,https://www.dof.gob.mx/nota_detalle.php?codigo=5616438&fecha=21/04/2021,0,0,0,0,0,0,0,0,0,0,0,0,0.0,0,0,0,0,0,0,0,0,0,0,0,0,0,0,0,0,0,0,0,0,0,0,0,0,0,0,0,0,0,0,0,0,0,0,0,0,0,0.0,0,0,0,0,0,0,0,0,0, $-   , $-   , $-   ,
156.0,Oaxaca,2021,BDE-021-2021,07-may-21,Hidrometeorológico,Lluvia y granizada severa el 30 de abril de 2021,CONAGUA,San Pedro Coxcaltepec Cántaros y Zimatlán de Álvarez,2,SSPC/SPPPCCP/CNPC/DGPC/543/2021,40,0,17-may-21,http://dof.gob.mx/nota_detalle.php?codigo=5618493&fecha=17/05/2021,SEDENA,BDE-022-2021,10-may-21,17-may-21,http://www.dof.gob.mx/nota_detalle.php?codigo=5618494&fecha=17/05/2021,0,0,0,0,0,0,0,0,0,0,0,0,0.0,0,0,0,0,0,0,0,0,0,0,0,0,0,0,0,0,0,0,0,0,0,0,0,0,0,0,0,0,0,0,0,0,0,0,0,0,0,0.0,0,0,0,0,0,0,0,0,0, $-   , $-   , $-   ,
157.0,Oaxaca,2021,BDE-023-2021,21-may-21,Hidrometeorológico,Lluvia y granizada severa el 17 de mayo de 2021,CONAGUA,San Pedro Totolápam y Magdalena Yodocono de Porfirio Díaz,2,SSPC/SPPPCCP/CNPC/DGPC/578/2021,48,0,31-may-21,http://www.dof.gob.mx/nota_detalle.php?codigo=5619827&fecha=31/05/2021,SEDENA,BDE-024-2021,25-may-21,31-may-21,http://www.dof.gob.mx/nota_detalle.php?codigo=5619828&fecha=31/05/2021,0,0,0,0,0,0,0,0,0,0,0,0,0.0,0,0,0,0,0,0,0,0,0,0,0,0,0,0,0,0,0,0,0,0,0,0,0,0,0,0,0,0,0,0,0,0,0,0,0,0,0,0.0,0,0,0,0,0,0,0,0,0, $-   , $-   , $-   ,
158.0,Oaxaca,2021,BDE-025-2021,22-jun-21,Hidrometeorológico,Lluvia severa e inundación fluvial y pluvial los días 15 y 16 de junio de 2021,CONAGUA,"Guevea de Humboldt, San Juan Cotzocón, San Pedro Comitancillo, Santa María Guienagati, Juchitán de Zaragoza, Santa María Xadani y Asunción Ixtaltepec.",7,SSPC/SPPPCCP/CNPC/DGPC/708/2021,247,0,30-jun-21,http://www.dof.gob.mx/nota_detalle.php?codigo=5622568&fecha=30/06/2021,SEDENA,BDE-026-2021,25-jun-21,30-jun-21,http://www.dof.gob.mx/nota_detalle.php?codigo=5622569&fecha=30/06/2021,0,0,0,0,0,0,0,0,0,0,0,0,0.0,0,0,0,0,0,0,0,0,0,0,0,0,0,0,0,0,0,0,0,0,0,0,0,0,0,0,0,0,0,0,0,0,0,0,0,0,0,0.0,0,0,0,0,0,0,0,0,0, $-   , $-   , $-   ,
159.0,Chiapas,2021,BDE-027-2021,30-jun-21,Hidrometeorológico,Lluvia severa el 25 de junio de 2021,CONAGUA,Huixtla,1,SSPC/SPPPCCP/CNPC/DGPC/758/2021,500,500,08-jul-21,http://www.dof.gob.mx/nota_detalle.php?codigo=5623269&fecha=08/07/2021,SEDENA,BDE-031-2021,10-jul-21,19-jul-21,http://www.dof.gob.mx/nota_detalle.php?codigo=5624245&fecha=19/07/2021,8676,125,0,0,0,0,0,0,500,500,0,0,0.0,0,0,0,4000,125,125,0,0,250,250,0,0,1600,0,600,600,0,0,0,0,0,0,0,0,0,0,0,0,0,0,0,0,0,0,0,0,0,0.0,0,0,0,0,0,0,0,0,1, $-   ,"$9,754,126.35","$9,754,126.35",
160.0,Oaxaca,2021,BDE-028-2021,02-jul-21,Hidrometeorológico,Inundación fluvial y pluvial el 23 de junio de 2021,CONAGUA,Acatlán de Pérez Figueroa y San Mateo Yoloxochitlán,2,SSPC/SPPPCCP/CNPC/DGPC/763/2021,160,0,12-jul-21,http://www.dof.gob.mx/nota_detalle.php?codigo=5623627&fecha=12/07/2021,SEDENA,BDE-029-2021,04-jul-21,12-jul-21,http://www.dof.gob.mx/nota_detalle.php?codigo=5623628&fecha=12/07/2021,0,0,0,0,0,0,0,0,0,0,0,0,0.0,0,0,0,0,0,0,0,0,0,0,0,0,0,0,0,0,0,0,0,0,0,0,0,0,0,0,0,0,0,0,0,0,0,0,0,0,0,0.0,0,0,0,0,0,0,0,0,0, $-   , $-   , $-   ,
161.0,Chihuahua,2021,BDE-030-2021,06-jul-21,Hidrometeorológico,Lluvia severa e inundación pluvial del 27 al 30 de junio de 2021,CONAGUA,Chihuahua,1,SSPC/SPPPCCP/CNPC/DGPC/803/2021,580,580,14-jul-21,http://www.dof.gob.mx/nota_detalle.php?codigo=5623849&fecha=14/07/2021,SEDENA,BDE-033-2021,16-jul-21,26-jul-21,http://www.dof.gob.mx/nota_detalle.php?codigo=5624828&fecha=26/07/2021,3485,145,0,0,0,0,0,580,0,580,0,0,1885.0,0,0,0,0,145,145,0,0,0,0,5,0,0,0,0,0,0,0,0,0,0,0,0,0,0,0,0,0,0,0,0,0,0,0,0,0,0,0.0,0,0,0,0,0,0,0,0,0, $-   ,"$1,474,110.60","$1,474,110.60",
162.0,Tamaulipas,2021,BDE-032-2021,14-jul-21,Hidrometeorológico,Lluvia severa e inundación pluvial los días 8 y 9 de julio de 2021,CONAGUA,Matamoros,1,SSPC/SPPPCCP/CNPC/DGPC/828/2021,907,907,22-jul-21,http://www.dof.gob.mx/nota_detalle.php?codigo=5624573&fecha=22/07/2021,SEDENA,BDE-034-2021,24-jul-21,02-ago-21,http://www.dof.gob.mx/nota_detalle.php?codigo=5625468&fecha=02/08/2021,22696,226,0,0,0,0,0,0,907,907,0,0,2947.0,0,0,0,7256,226,226,10000,0,0,0,0,0,0,0,0,0,0,0,0,0,0,0,0,0,0,0,0,0,0,0,0,0,0,0,0,0,0,0.0,0,0,0,0,0,0,0,0,1, $-   ,"$23,877,498.31","$23,877,498.31",
163.0,Sonora,2021,BDE-035-2021,27-jul-21,Hidrometeorológico,Inundación pluvial el 22 de julio de 2021,CONAGUA,Agua Prieta,1,SSPC/SPPPCCP/CNPC/DGPC/897/2021,6000,6000,04-ago-21,http://www.dof.gob.mx/nota_detalle.php?codigo=5625687&fecha=04/08/2021,SEDENA,BDE-037-2021,06-ago-21,16-ago-21,http://www.dof.gob.mx/nota_detalle.php?codigo=5626633&fecha=16/08/2021,27272,1000,0,0,0,0,0,0,4000,4000,0,0,4264.0,0,0,0,8000,1000,1000,0,4000,0,0,7,0,0,0,0,0,0,0,0,0,0,0,0,0,0,0,0,0,0,0,0,0,0,0,0,0,0,0.0,0,0,0,0,0,0,0,0,1, $-   ,"$8,119,932.30","$8,119,932.30",
164.0,Sonora,2021,BDE-036-2021,27-jul-21,Hidrometeorológico,Inundación pluvial el 27 de julio de 2021,CONAGUA,Nogales,1,SSPC/SPPPCCP/CNPC/DGPC/898/2021,3600,3600,04-ago-21,http://www.dof.gob.mx/nota_detalle.php?codigo=5625688&fecha=04/08/2021,SEDENA,BDE-038-2021,06-ago-21,16-ago-21,http://www.dof.gob.mx/nota_detalle.php?codigo=5626634&fecha=16/08/2021,18401,800,0,0,0,0,0,0,3200,3200,0,0,0.0,0,0,0,6400,800,800,0,3200,0,0,0,0,0,0,0,0,0,0,0,0,0,0,0,0,0,0,0,0,0,0,0,0,0,0,0,0,0,0.0,0,0,0,0,0,0,0,0,1, $-   ,"$4,189,491.81","$4,189,491.81",
165.0,Veracruz,2021,BDE-039-2021,20-ago-21,Hidrometeorológico,"Inminente impacto del huracán ""Grace"" y Vientos fuertes entre el 20 y 21 de agosto de 2021",CONAGUA,"Álamo Temapache, Castillo de Teayo, Cazones de Herrera, Chumatlán, Coahuitlán, Coatzintla, Coxquihui, Coyutla, Espinal, Filomeno Mata, Gutiérrez Zamora, Ixhuatlán de Madero, Martínez de la Torre, Mecatlán, Papantla, Poza Rica de Hidalgo, San Rafael, Tecolutla, Tihuatlán, Tlapacoyan, Tuxpan y Zozocolco",22,SSPC/SPPPCCP/CNPC/DGPC/00987/2021 SSPC/SPPPCCP/CNPC/DGPC/00998/2021 SSPC/SPPPCCP/CNPC/DGPC/01019/2021 SSPC/SPPPCCP/CNPC/DGPC/01034/2021,54928,54928,26-ago-21,http://www.dof.gob.mx/nota_detalle.php?codigo=5627725&fecha=26/08/2021,SEDENA,BDE-049-2021,17-sep-21,23-sep-21,http://www.dof.gob.mx/nota_detalle.php?codigo=5630653&fecha=23/09/2021,439434,0,27464,0,0,0,0,0,54928,54928,0,60000,0.0,0,0,0,56000,13732,13732,0,0,0,0,0,0,76248,0,0,0,0,27464,27464,0,0,0,0,0,0,0,0,0,0,0,0,0,0,27464,0,10,0,0.0,0,0,0,0,0,0,0,0,0, $-   ,"$76,614,982.08","$76,614,982.08",
166.0,Veracruz,2021,BDE-040-2021,27-ago-21,Hidrometeorológico,"Lluvia severa, inundación fluvial y pluvial y movimiento de ladera del 20 al 23 de agosto de 2021",CONAGUA,"Alto Lucero de Gutiérrez Barrios, Cerro Azul, Chiconquiaco, Misantla, Naolinco, Nautla, Tantoyuca, Texcatepec, Tlachichilco, Tonayán, Zacualpan, Banderilla, Coatepec, Jilotepec, Coacoatzintla, Vega de Alatorre, Xalapa, Chalma, Chicontepec, Tempoal, Ilamatlán, Platón Sánchez, Huayacocotla, Miahuatlán y Zontecomatlán de López y Fuentes",25,SSPC/SPPPCCP/CNPC/DGPC/01000/2021 SSPC/SPPPCCP/CNPC/DGPC/01021/2021 SSPC/SPPPCCP/CNPC/DGPC/01036/2021,28153,28153,02-sep-21,http://www.dof.gob.mx/nota_detalle.php?codigo=5628657&fecha=02/09/2021,SEDENA,BDE-050-2021,17-sep-21,23-sep-21,http://www.dof.gob.mx/nota_detalle.php?codigo=5630654&fecha=23/09/2021,250261,0,7038,0,0,0,0,0,28153,28153,0,0,0.0,0,0,0,36172,7038,7038,0,0,0,0,0,0,54258,0,0,0,0,54258,0,0,0,0,0,0,0,0,0,0,0,0,0,0,0,28153,0,0,0,0.0,0,0,0,0,0,0,0,0,0,"$67,302,182.06", $-   ,"$67,302,182.06",
167.0,Puebla,2021,BDE-041-2021,31-ago-21,Hidrometeorológico,"Huracán categoría 2 ""Grace"" (lluvia severa) e inundación fluvial los días 21 y 22 de agosto de 2021",CONAGUA,"Ahuacatlán, Ahuazotepec, Amixtlán, Aquixtla, Ayotoxco de Guerrero, Camocuautla,Caxhuacan, Chiconcuautla, Chignahuapan, Francisco Z Mena, Honey, Coatepec, Cuautempan, Cuetzalan del Progreso, Cuyoaco, Hermenegildo Galeana, Huauchinango, Huehuetla, Hueyapan, Hueytamalco, Huitzilan de Serdán, Atlequizayan, Ixtacamaxtitlán, Ixtepec, Jalpan, Jonotla, Jopala, Juan Galindo, Naupan, Nauzontla, Olintla, Pahuatlán, Pantepec, San Felipe Tepatlán, Tenampulco, Tepangode Rodríguez, Tepetzintla, Tetela de Ocampo, Tlacuilotepec, Tlaola, Tlapacoya, Tlatlauquitepec, Tuzamapan de Galeana, Venustiano Carranza, Xicotepec, Xiutetelco, Xochiapulco, Xochitlán de Vicente Suárez, Yaonáhuac, Zacapoaxtla, Zacatlán, Zapotitlán de Méndez, Zautla, Zongozotla y Zoquiapan.",55,SSPC/SPPPCCP/CNPC/DGPC/01007/2021,34729,34729,06-sep-21,http://www.dof.gob.mx/nota_detalle.php?codigo=5628892&fecha=06/09/2021,SEDENA,BDE-044-2021,07-sep-21,13-sep-21,http://www.dof.gob.mx/nota_detalle.php?codigo=5629550&fecha=13/09/2021,95504,0,8682,0,0,0,0,34729,0,34729,0,0,0.0,0,0,0,0,8682,8682,0,0,0,0,0,0,0,0,0,0,0,0,0,0,0,0,0,0,0,0,0,0,0,0,0,0,0,0,0,0,0,0.0,0,0,0,0,0,0,0,0,0,"$29,927,476.47", $-   ,"$29,927,476.47",
168.0,Sinaloa,2021,BDE-042-2021,01-sep-21,Hidrometeorológico,"Lluvia severa y vientos fuertes los días 28, 29 y 30 de agosto de 2021 (Huracán ""Nora"")",CONAGUA,"Escuinapa, Elota, San Ignacio, Culiacán, Rosario, Mazatlán y Concordia",7,SSPC/SPPPCCP/CNPC/DGPC/01013/2021 SSPC/SPPPCCP/CNPC/DGPC/01030/2021,7969,7969,07-sep-21,http://www.dof.gob.mx/nota_detalle.php?codigo=5628965&fecha=07/09/2021,SEDENA,BDE-048-2021,15-sep-21,22-sep-21,http://www.dof.gob.mx/nota_detalle.php?codigo=5630548&fecha=22/09/2021,61914,0,1992,0,0,0,0,7969,0,7969,0,0,0.0,0,0,0,40000,1992,1992,0,0,0,0,0,0,0,0,0,0,0,0,0,0,0,0,0,0,0,0,0,0,0,0,0,0,0,0,0,0,0,0.0,0,0,0,0,0,0,0,0,0,"$13,590,810.01", $-   ,"$13,590,810.01",
169.0,Michoacán,2021,BDE-043-2021,03-sep-21,Hidrometeorológico,"Huracán categoría 1 ""Nora"" (lluvia severa) e inundación fluvial y pluvial los días 27, 28 y 29 de agosto de 2021",CONAGUA,Arteaga y Lázaro Cárdenas,2,SSPC/SPPPCCP/CNPC/DGPC/01023/2021 SSPC/SPPPCCP/CNPC/00927/2021,2413,2413,09-sep-21,http://www.dof.gob.mx/nota_detalle.php?codigo=5629267&fecha=09/09/2021,SEDENA,BDE-051-2021,17-sep-21,23-sep-21,http://www.dof.gob.mx/nota_detalle.php?codigo=5630652&fecha=23/09/2021,10135,0,603,0,0,0,0,0,2413,1913,500,0,0.0,0,0,1000,2500,603,603,0,0,0,0,0,0,0,0,0,0,0,0,0,0,0,0,0,0,0,0,0,0,0,0,0,0,0,0,0,0,0,,0,0,0,0,0,0,0,0,0,"$2,102,472.70", $-   ,"$2,102,472.70",
170.0,Jalisco,2021,BDE-045-2021,07-sep-21,Hidrometeorológico,"Huracán categoría 1 ""Nora"" (lluvia severa y vientos fuerte) e inundación fluvial los días 28 y 29 de agosto de 2021",CONAGUA,"Cihuatlán, La Huerta, Autlán de Navarro, Cabo Corrientes, Talpa de Allende, Tomatlán y Puerto Vallarta",7,SSPC/SPPPCCP/CNPC/DGPC/01027/2021 SSPC/SPPPCCP/CNPC/00941/2021,6451,6451,13-sep-21,http://www.dof.gob.mx/nota_detalle.php?codigo=5629549&fecha=13/09/2021,SEDENA,BDE-054-2021,21-sep-21,27-sep-21,http://www.dof.gob.mx/nota_detalle.php?codigo=5630913&fecha=27/09/2021,6157,0,1613,0,0,0,0,0,0,0,0,0,0.0,0,0,0,1318,1613,1613,0,0,0,0,0,0,0,0,0,0,0,0,0,0,0,0,0,0,0,0,0,0,0,0,0,0,0,0,0,0,0,0.0,0,0,0,0,0,0,0,0,0,"$4,392,655.49", $-   ,"$4,392,655.49",
171.0,Baja California Sur,2021,BDE-046-2021,14-sep-21,Hidrometeorológico,"Ciclón tropical ""Olaf"" (lluvia severa y vientos fuertes) e inundación pluvial del 9 y 10 de septiembre de 2021",CONAGUA,La Paz y Los Cabos,2,SSPC/SPPPCCP/CNPC/DGPC/01050/2021,8037,8037,21-sep-21,http://www.dof.gob.mx/nota_detalle.php?codigo=5630345&fecha=21/09/2021,SEDENA,BDE-055-2021,21-sep-21,27-sep-21,http://www.dof.gob.mx/nota_detalle.php?codigo=5630912&fecha=27/09/2021,11200,0,2000,0,0,0,0,0,1000,1000,0,2000,0.0,0,0,0,3000,800,800,0,0,300,300,0,0,0,0,0,0,0,0,0,0,0,0,0,0,0,0,0,0,0,0,0,0,0,0,0,0,0,0.0,0,0,0,0,0,0,0,0,0,"$6,025,314.56", $-   ,"$6,025,314.56",
172.0,Hidalgo,2021,BDE-047-2021,14-sep-21,Hidrometeorológico,Lluvia severa e inundación fluvial del 6 al 8 de septiembre de 2021,CONAGUA,"Tlaxcoapan, Tula de Allende, Ixmiquilpan, Tezontepec de Aldama, Chilcuautla, Tasquillo, Tlahuelilpan, Tepeji del Río de Ocampo y Mixquiahuala de Juárez",9,SSPC/SPPPCCP/CNPC/DGPC/01049/2021 SSPC/SPPPCCP/CNPC/00971/2021,14722,14722,21-sep-21,http://www.dof.gob.mx/nota_detalle.php?codigo=5630346&fecha=21/09/2021,SEDENA,BDE-058-2021,28-sep-21,04-oct-22,http://www.dof.gob.mx/nota_detalle.php?codigo=5631567&fecha=04/10/2021,25765,0,3681,0,0,0,0,0,0,0,0,0,0.0,0,0,0,14722,3681,3681,0,0,0,0,0,0,0,0,0,0,0,0,0,0,0,0,0,0,0,0,0,0,0,0,0,0,0,0,0,0,0,0.0,0,0,0,0,0,0,0,0,0,"$6,896,499.26", $-   ,"$6,896,499.26",
173.0,Oaxaca,2021,BDE-052-2021,17-sep-21,Hidrometeorológico,Lluvia severa e inundación pluvial los días 12 y 13 de septiembre de 2021,CONAGUA,"Unión Hidalgo, El Espinal, Ciudad Ixtepec, Juchitán de Zaragoza, San Dionisio del Mar, Santo Domingo Ingenio, San Juan Guichicovi, Matías Romero Avendaño, San Francisco del Mar y El Barrio de la Soledad.",10,SSPC/SPPPCCP/CNPC/DGPC/01056/2021,11525,11525,23-sep-21,http://www.dof.gob.mx/nota_detalle.php?codigo=5630651&fecha=23/09/2021,SEDENA,BDE-057-2021,24-sep-21,30-sep-21,http://www.dof.gob.mx/nota_detalle.php?codigo=5631307&fecha=30/09/2021,96450,0,2881,0,0,0,0,0,11525,11525,0,1450,0.0,0,0,0,40000,2881,2881,2000,0,5762,2000,20,2000,0,0,0,0,0,0,0,0,0,0,0,0,0,0,0,0,0,0,0,0,0,11525,0,0,0,0.0,0,0,0,0,0,0,0,0,0,"$13,233,034.89", $-   ,"$13,233,034.89",
174.0,Estado de México,2021,BDE-053-2021,19-sep-21,Geológico,Presencia de movimiento de ladera (Extraordinaria),CENAPRED,Tlalnepantla de Baz,1,SSPC/SPPPCCP/CNPC/DGPC/01057/2021 SSPC/SPPPCCP/CNPC/DGPC/01077/2021 SSPC/SPPPCCP/CNPC/DGPC/01127/2021,564,564,23-sep-21,http://www.dof.gob.mx/nota_detalle.php?codigo=5630650&fecha=23/09/2021,SEDENA,BDE-060-2021,10-oct-21,14-oct-21,http://www.dof.gob.mx/nota_detalle.php?codigo=5632667&fecha=14/10/2021,1341,0,141,0,0,0,0,0,0,0,0,0,0.0,0,0,0,1200,0,0,0,0,0,0,0,0,0,0,0,0,0,0,0,0,0,0,0,0,0,0,0,0,0,0,0,0,0,0,0,0,0,0.0,0,0,0,0,0,0,0,0,0,"$221,418.60", $-   ,"$221,418.60",
175.0,Zacatecas,2021,BDE-056-2021,23-sep-21,Hidrometeorológico,Inundación fluvial el 16 y 17 de septiembre de 2021,CONAGUA,Cuauhtémoc y Genaro Codina,2,SSPC/SPPPCCP/CNPC/DGPC/01073/2021,1271,1271,29-sep-21,http://www.dof.gob.mx/nota_detalle.php?codigo=5631168&fecha=29/09/2021,SEDENA,BDE-059-2021,30-sep-21,06-oct-21,http://www.dof.gob.mx/nota_detalle.php?codigo=5631769&fecha=06/10/2021,3496,0,318,0,0,0,0,1271,0,1271,0,0,0.0,0,0,0,0,318,318,0,0,0,0,0,0,0,0,0,0,0,0,0,0,0,0,0,0,0,0,0,0,0,0,0,0,0,0,0,0,0,0.0,0,0,0,0,0,0,0,0,0,"$471,466.80","$594,615.77","$1,066,082.57",
176.0,Sinaloa,2021,BDE-061-2021,15-oct-21,Hidrometeorológico,Presencia del huracán Pamela (lluvia severa y vientos fuertes) los días 12 y 13 de octubre de 2021,CONAGUA,"Ahome, Escuinapa, Mazatlán y Rosario",4,SSPC/SPPPCCP/CNPC/DGPC/01178/2021,12952,12952,21-oct-21,http://www.dof.gob.mx/nota_detalle.php?codigo=5633388&fecha=21/10/2021,SEDENA,BDE-063-2021,22-oct-21,28-oct-21,http://www.dof.gob.mx/nota_detalle.php?codigo=5633946&fecha=28/10/2021,61618,0,3238,0,0,0,0,12952,0,12952,0,0,0.0,0,0,0,26000,3238,3238,0,0,0,0,0,0,0,0,0,0,0,0,0,0,0,0,0,0,0,0,0,0,0,0,0,0,0,0,0,0,0,0.0,0,0,0,0,0,0,0,0,0, $-   ,"$5,502,657.20","$5,502,657.20",
177.0,Nayarit,2021,BDE-062-2021,20-oct-21,Hidrometeorológico,Lluvia severa e inundación fluvial y pluvial del 13 al 15 de octubre de 2021,CONAGUA,"Acaponeta, Huajicori, Tecuala, Tuxpan, Rosamorada, Ruiz y Santiago Ixcuintla",7,SSPC/SPPPCCP/CNPC/DGPC/01194/2021,21000,21000,26-oct-21,http://www.dof.gob.mx/nota_detalle.php?codigo=5633685&fecha=26/10/2021,SEDENA,BDE-065-2021,03-nov-21,09-nov-21,http://www.dof.gob.mx/nota_detalle.php?codigo=5634792&fecha=09/11/2021,147013,0,10500,0,0,0,0,0,21000,21000,0,0,0.0,0,0,0,84000,5250,5250,0,0,0,0,0,0,0,0,0,0,0,0,0,0,0,0,0,0,0,0,0,0,0,0,0,0,0,0,0,4,0,0.0,8,0,0,0,0,0,0,0,1,"$18,120,516.75","$20,889,175.87","$39,009,692.62",
178.0,Guerrero,2021,BDE-064-2021,01-nov-21,Hidrometeorológico,"Lluvia severa, vientos fuertes e inundación fluvial y pluvial los días 24 y 25 de octubre de 2021",CONAGUA,"Benito Juárez, La Unión de Isidoro Montes de Oca, Coahuayutla de José María Izazaga, Zihuatanejo de Azueta, Petatlán y Técpan de Galeana",6,SSPC/SPPPCCP/CNPC/DGPC/01222/2021,7020,7020,05-nov-21,http://www.dof.gob.mx/nota_detalle.php?codigo=5634649&fecha=05/11/2021,MARINA,BDE-066-2021,08-nov-21,12-nov-21,http://www.dof.gob.mx/nota_detalle.php?codigo=5635205&fecha=12/11/2021,51856,0,1755,0,0,0,0,0,7020,7020,0,17550,,0,0,0,15000,1755,1755,0,0,0,0,0,0,0,0,0,0,0,0,0,0,0,0,0,0,0,0,0,0,0,0,0,0,0,0,0,0,0,0.0,0,0,0,0,0,0,0,0,1,"$3,307,050.00","$10,796,954.22","$14,104,004.22",
179.0,Guerrero,2021,BDE-067-2021,09-nov-21,Geológico,Sismo ocurrido 7 de septiembre de 2021,CENAPRED,Acapulco de Juárez,1,SSPC/SPPPCCP/CNPC/DGPC/01276/2021 SSPC/SPPPCCP/CNPC/DGPC/01294/2021 SSPC/SPPPCCP/CNPC/DGPC/01332/2021,1000,1000,16-nov-21,http://www.dof.gob.mx/nota_detalle.php?codigo=5635312&fecha=16/11/2021,MARINA,BDE-068-2021,30-nov-21,06-dic-21,http://www.dof.gob.mx/nota_detalle.php?codigo=5637305&fecha=06/12/2021,22205,0,500,0,0,0,0,0,1000,1000,0,2004,,0,0,0,14000,0,250,0,0,0,0,0,0,2400,0,0,0,0,0,0,0,0,0,0,0,0,0,0,0,0,0,0,0,0,1000,0,0,0,0.0,0,0,0,0,30,20,0,0,1,"$1,064,300.00","$5,325,257.03","$6,389,557.03",
180.0,Chiapas,2022,BDE-001-2022,18-abr-22,Hidrometeorológico,Lluvia severa ocurrida el 07 de abril y movimiento de ladera el 08 de abril de 2022,CONAGUA,Amatán,1,SSPC/SPPPCCP/CNPC/DGPC/00392/2022,1946,1946,22-abr-22,"https://www.dof.gob.mx/nota_detalle.php?codigo=5649869&fecha=22/04/2022&print=true#:~:text=Art%C3%ADculo%201o.,en%20el%20Estado%20de%20Chiapas.",SEDENA,BDE-002-2022,25-abr-22,02-may-22,https://www.dof.gob.mx/nota_detalle.php?codigo=5650689&fecha=02/05/2022#gsc.tab=0,29495,0,486,0,0,0,0,0,1946,1946,0,0,0.0,0,0,0,15000,486,486,0,0,972,972,0,0,3528,0,1836,1836,0,0,0,0,0,0,0,0,0,0,0,0,0,0,0,0,0,0,0,0,0,0.0,0,0,0,0,0,0,0,0,1,"$869,490.00","$1,952,315.64","$2,821,805.64",
181.0,Sinaloa,2022,BDE-003-2022,25-may-22,Hidrometeorológico,Onda de calor ocurrida el 05 de mayo de 2022,CONAGUA,"Angostura, Choix, Cosalá, El Fuerte, Salvador Alvarado, y San Ignacio",6,SSPC/SPPPCCP/CNPC/DGPC/00569/2022,36971,36971,31-may-22,https://dof.gob.mx/nota_detalle.php?codigo=5653645&fecha=31/05/2022#gsc.tab=0,Coordinación Estatal de Protección Civil,BDE-005-2022,01-jun-22,08-jun-22,https://dof.gob.mx/nota_detalle.php?codigo=5654488&fecha=08/06/2022#gsc.tab=0,5,0,0,0,0,0,0,0,0,0,0,0,0.0,0,0,0,0,0,0,0,0,0,0,0,0,0,0,0,0,0,0,0,0,0,0,0,0,0,0,0,0,0,0,0,0,0,0,0,5,0,0.0,0,0,0,0,0,0,0,0,0, $-   ,"$6,715,277.35","$6,715,277.35",
182.0,Oaxaca,2022,BDE-004-2022,30-may-22,Hidrometeorológico,"Impacto inminente del huracán ""Agatha"" -extraordinario- el día 30 de mayo de 2022",CONAGUA,"Santa María Colotepec, Santo Domingo de Morelos, San Pedro Pochutla, Santa María Huatulco, San Miguel del Puerto y San pedro Huamelula",6,SSPC/SPPPCCP/CNPC/DGPC/00584/2022 SSPC/SPPPCCP/CNPC/DGPC/00612/2022,23616,23616,03-jun-22,https://www.dof.gob.mx/nota_detalle.php?codigo=5654085&fecha=03/06/2022#gsc.tab=0,MARINA-Coordinación Estatal de Protección Civil,BDE-008-2022,13-jun-22,20-jun-22,https://www.dof.gob.mx/nota_detalle.php?codigo=5655589&fecha=20/06/2022#gsc.tab=0,200764,0,11808,0,0,0,0,0,23616,23616,0,30000,,0,0,0,94000,5904,11808,0,0,0,0,0,0,0,0,0,0,0,0,0,0,0,0,0,0,0,0,0,0,0,0,0,0,0,0,3,5,0,3.0,0,0,0,0,0,0,0,0,1,"$31,080,828.00","$45,375,820.57","$76,456,648.57",
183.0,Oaxaca,Oaxaca de Juárez,BDE-006-2022,03-jun-22,Hidrometeorológico,"Lluvia severa en el período del 29 al 31 de mayo del 2022, vientos fuertes el 29 de mayo del 2022 e inundación pluvial el 30 y 31 de mayo del 2022",CONAGUA,"San Marcial Ozolotepec, Santiago Xanica, Asunción Tlacolulita, Candelaria Loxicha, Pluma Hidalgo, San Agustín Loxicha, San Carlos Yautepec, San francisco Ozolotepec, San Mateo Piñas, San Pedro el Alto, Santa María Quiegolani, Santa María Tonameca, Miahuatlán de Porfirio Díaz, San Andrés Paxtlan, San Gabriel Mixtepec San Juan Lachao, San Juan Ozolotepec, San Mateo Río Hondo, San Miguel Suchixtepec, San Pedro Mixtepec Distrito 22, Santa Catarina Juquila, Santa María Ozolotepec, Santiago Astata, Santo Domingo Ozolotepec y Villa de Tututepec",25,SSPC/SPPPCCP/CNPC/DGPC/00610/2022,76909,76909,09-jun-22,https://www.dof.gob.mx/nota_detalle.php?codigo=5654587&fecha=09/06/2022#gsc.tab=0,SEDENA,BDE-007-2022,10-jun-22,17-jun-22,https://www.dof.gob.mx/nota_detalle.php?codigo=5655470&fecha=17/06/2022#gsc.tab=0,472917,0,19230,0,0,0,0,0,76909,76909,0,111408,,0,0,0,150000,19230,19230,0,0,0,0,0,0,0,0,0,0,0,0,0,0,0,0,0,0,0,0,0,0,0,0,0,0,0,0,0,0,0,0.0,0,0,0,0,0,0,0,0,1,"$36,057,078.00","$113,178,658.58","$149,235,736.58",
184.0,Coahuila,2022,BDE-009-2022,01-sep-22,Hidrometeorológico,Lluvia severa el día 30 de agosto del 2022,CONAGUA,Sabinas,1,SSPC/SPPPCCP/CNPC/DGPC/00889/2022,0,0,06-sep-22,https://www.dof.gob.mx/nota_detalle.php?codigo=5663496&fecha=06/09/2022#gsc.tab=0,sin dato,BDE-010-2022,02-sep-22,06-sep-22,https://www.dof.gob.mx/nota_detalle.php?codigo=5663497&fecha=06/09/2022#gsc.tab=0,0,0,0,0,0,0,0,0,0,0,0,0,0.0,0,0,0,0,0,0,0,0,0,0,0,0,0,0,0,0,0,0,0,0,0,0,0,0,0,0,0,0,0,0,0,0,0,0,0,0,0,0.0,0,0,0,0,0,0,0,0,0, $-   , $-   , $-   ,
185.0,Durango,2022,BDE-011-2022,14-sep-22,Hidrometeorológico,Inundación fluvial en el periodo del 03 al 08 de septiembre del 2022,CONAGUA,Canatlán y Tepehuanes,2,SSPC/CNPC/DGPC/00925/2022,214,0,21-sep-22,https://www.dof.gob.mx/nota_detalle.php?codigo=5665077&fecha=21/09/2022#gsc.tab=0,sin dato,BDE-012-2022,15-sep-22,21-sep-22,https://www.dof.gob.mx/nota_detalle.php?codigo=5665078&fecha=21/09/2022#gsc.tab=0,0,0,0,0,0,0,0,0,0,0,0,0,0.0,0,0,0,0,0,0,0,0,0,0,0,0,0,0,0,0,0,0,0,0,0,0,0,0,0,0,0,0,0,0,0,0,0,0,0,0,0,0.0,0,0,0,0,0,0,0,0,0, $-   , $-   , $-   ,
186.0,Chiapas,2022,BDE-013-2022,19-oct-22,Hidrometeorológico,"Lluvia severa, inundación fluvial y pluvial ocurridos el 14 de octubre de 2022",CONAGUA,"Chapultenango, Ixtacomitán, Sunuapa, Ostuacán, Pichucalco, Juarez y Reforma",7,SSPC/CNPC/DGPC/01021/2022,31148,31148,25-oct-22,https://www.dof.gob.mx/nota_detalle.php?codigo=5669515&fecha=25/10/2022#gsc.tab=0,MARINA-SEDENA,BDE-014-2022,26-oct-22,02-nov-22,https://www.dof.gob.mx/nota_detalle.php?codigo=5670332&fecha=02/11/2022#gsc.tab=0,38935,0,7787,0,0,0,0,0,0,0,0,0,0.0,0,0,0,31148,0,0,0,0,0,0,0,0,0,0,0,0,0,0,0,0,0,0,0,0,0,0,0,0,0,0,0,0,0,0,0,0,0,0.0,0,0,0,0,0,0,0,0,0,"$16,117,177.60", $-   ,"$16,117,177.60",
187.0,Nayarit,2022,BDE-015-2022,28-oct-22,Hidrometeorológico,"Lluvia severa, vientos fuertes, e inundación Fluvial ocurridos en el periodo del 23 al 24 de octubre de 2022",CONAGUA,"Acaponeta, Huajicori, Tecuala, Tuxpan, Rosamorada, Santiago Ixcuintla, San Blas, Bahía de Banderas",8,SSPC/CNPC/DGPC/01051/2022,27500,27500,03-nov-22,https://www.dof.gob.mx/nota_detalle.php?codigo=5670390&fecha=03/11/2022#gsc.tab=0,MARINA,BDE-016-2022,04-nov-22,11-nov-22,https://www.dof.gob.mx/nota_detalle.php?codigo=5671151&fecha=11/11/2022#gsc.tab=0,34375,0,6875,0,0,0,0,0,0,0,0,0,0.0,0,0,0,27500,0,0,0,0,0,0,0,0,0,0,0,0,0,0,0,0,0,0,0,0,0,0,0,0,0,0,0,0,0,0,0,0,0,0.0,0,0,0,0,0,0,0,0,0,"$15,770,562.50", $-   ,"$15,770,562.50",
188.0,Veracruz,2023,BDE-001-2023,05-ago-23,Hidrometeorológico,Lluvia severa e inundación fluvial y/o pluvial ocurrida el 3 de agosto de 2023,CONAGUA,Zongolica y Naranjal,2,DGPC/001131/2023,6000,6000,05-ago-23,https://www.dof.gob.mx/nota_detalle.php?codigo=5698265&fecha=11/08/2023#gsc.tab=0,SEDENA,BDE-002-2023,12-ago-23,18-ago-23,https://www.dof.gob.mx/nota_detalle.php?codigo=5699165&fecha=18/08/2023#gsc.tab=0,1500,1500,0,0,0,0,0,0,0,0,0,0,0.0,0,0,0,0,0,0,0,0,0,0,0,0,0,0,0,0,0,0,0,0,0,0,0,0,0,0,0,0,0,0,0,0,0,0,0,0,0,0.0,0,0,0,0,0,0,0,0,0, Sin costo erogado , Sin costo erogado , Sin costo erogado ,Las despensas otorgadas en la atención a la población fueron donadas por instituciones privadas
189.0,Baja California Sur,2023,BDE-003-2023,21-ago-23,Hidrometeorológico,"Huracán Hilary y lluvia severa, el 19 de agosto de 2023",CONAGUA,Mulegé,1,DGPC/01198/2023,12000,12000,28-ago-23,https://www.dof.gob.mx/nota_detalle.php?codigo=5699929&fecha=28/08/2023#gsc.tab=0,MARINA,BDE-004-2023,12-ago-23,28-ago-23,https://www.dof.gob.mx/nota_detalle.php?codigo=5699165&fecha=18/08/2023#gsc.tab=1,27000,3000,0,0,0,0,0,0,0,0,0,0,0.0,0,0,0,24000,0,0,0,0,0,0,0,0,0,0,0,0,0,0,0,0,0,0,0,0,0,0,0,0,0,0,0,0,0,0,0,0,0,0.0,0,0,0,0,0,0,0,0,0,"$10,756,920.00", $-   ,"$10,756,920.00",
190.0,Guerrero,2023,BDE-005-2023,11-oct-23,Hidrometeorológico,Lluvia severa ocurrida el 09 de octubre de 2023,CONAGUA,Atoyac de Álvarez Benito Juárez Coyuca de Benítez Técpan de Galeana,4,SSPC/CNPC/DGPCI/01412/2023,12000,12000,18-oct-23,https://www.dof.gob.mx/nota_detalle.php?codigo=5705728&fecha=18/10/2023#gsc.tab=0,MARINA,BDE-006-2023,18-oct-23,25-oct-23,https://www.dof.gob.mx/nota_detalle.php?codigo=5706574&fecha=25/10/2023#gsc.tab=0,27000,3000,0,0,0,0,0,0,0,0,0,0,0.0,0,0,0,24000,0,0,0,0,0,0,0,0,0,0,0,0,0,0,0,0,0,0,0,0,0,0,0,0,0,0,0,0,0,0,0,0,0,0.0,0,0,0,0,0,0,0,0,0,"$10,756,920.00", $-   ,"$10,756,920.00",
191.0,Guerrero,2023,BDE-007-2023,26-oct-23,Hidrometeorológico,Lluvia severa y vientos fuertes el día 24 de octubre de 2023,CONAGUA,Acapulco de Juárez y Coyuca de Benítez,2,SSPC/CNPC/DGPCI/01458/2023 SSPC/CNPC/DGPC/01470/2023,812000,400000,30-oct-23,https://www.dof.gob.mx/nota_detalle.php?codigo=5707225&fecha=30/10/2023#gsc.tab=0,MARINA-SEDENA,BDE-008-2023,02-nov-23,09-nov-23,https://www.dof.gob.mx/nota_detalle.php?codigo=5708072&fecha=09/11/2023#gsc.tab=0,900003,100000,0,0,0,0,0,0,0,0,0,0,0.0,0,0,0,800000,0,0,0,0,0,0,0,0,0,0,0,0,0,0,0,0,0,0,0,0,0,0,0,0,0,0,0,0,0,0,3,0,0,0.0,0,0,0,0,0,0,0,0,0,"$351,101,000.00", $-   ,"$351,101,000.00",
192.0,Oaxaca,sin dato,BDE-001-2024,15-abr-24,incendio Forestal,Incendios forestales en el periodo del 24 de marzo al 13 de abril de 2024,CONAFOR,Santa María Chimalapa y San Miguel Chimalapa,2,SSPC/CNPC/DGPC/00448/2024 SSPC/CNPC/DGPC/00451/2024,400,400,22-abr-24,https://www.dof.gob.mx/nota_detalle.php?codigo=5724093&fecha=22/04/2024#gsc.tab=0,SEDENA-CONAFOR,BDE-002-2024,22-abr-24,29-abr-24,https://www.dof.gob.mx/nota_detalle.php?codigo=5724950&fecha=29/04/2024#gsc.tab=0,2961,0,0,0,0,0,0,0,0,0,0,0,0.0,0,0,0,2800,0,0,0,0,0,0,0,40,0,0,0,0,0,0,0,0,0,0,0,0,0,0,0,40,40,0,0,20,0,0,1,0,0,0.0,0,0,0,0,20,0,0,0,0,"$874,920.00", $-   ,"$874,920.00",
193.0,Guerrero y Oaxaca,sin dato,BDE-003-2024,23-sep-24,Hidrometeorológico,"Inminencia y alta probabilidad de impacto del huracán categoría 3 ""John"" y vientos fuertes, los días 23 y 24 de septiembre de 2024",CONAGUA,"Acapulco de Juárez, Copala, Cuajinicuilapa, Cuautepec, Florencio Villarreal, Las Vigas, Marquelia, San Marcos y San Nicolás",9,SSPC/CNPC/DGPC/01076/2024 SSPC/CNPC/DGPC/01078/2024 SSPC/CNPC/DGPC/01079/2024 SSPC/CNPC/DGPC/01080/2024 SSPC/CNPC/DGPC/01094/2024,480000,480000,30-sep-24,https://www.dof.gob.mx/nota_detalle.php?codigo=5739927&fecha=30/09/2024#gsc.tab=0,MARINA-SEDENA,BDE-004-2024,28-oct-24,04-nov-24,https://www.dof.gob.mx/nota_detalle.php?codigo=5742174&fecha=04/11/2024#gsc.tab=0,1084048,120000,0,0,0,0,0,0,0,2000,0,0,0.0,0,0,0,960000,0,2000,0,0,0,0,0,0,0,0,0,0,0,0,0,0,0,0,0,0,0,0,0,0,0,0,0,0,0,0,3,0,0,0.0,0,0,0,0,30,15,0,0,0,"$365,206,223.40", $-   , $-   ,"El costo es aproximado y no considera el total erogado por la distribución de raciones de comida caliente a través de dos cocinas comunitarias que la SEDENA utilizó para la atención de la población en la Declaratoria de Emergencia emitida por la Inminencia y alta probabilidad de impacto del huracán categoría 3 ""John"" y vientos fuertes en septiembre de 2024."
,sin dato,sin dato,sin dato,sin dato,sin dato,sin dato,sin dato,Totales:,1507,sin dato,3747923,3335214,sin dato,sin dato,sin dato,sin dato,sin dato,sin dato,sin dato,23318263,1082640,118592,0,13878,13878,0,566859,991564,1474777,500,225606,1379857.0,6093,0,1000,11343884,390290,608104,1423944,19413,198866,195254,471,54916,1107606,249,353413,229554,235713,156095,255044,276608,21705,37307,30,3980,44123,20,30130,28340,30181,35361,37157,20,23181,301764,10,60,0,3.0,8,0,0,0,80,35,0,0,100,"$1,005,246,317.09","$3,488,034,711.37","$4,493,281,028.46",
